-- phpMyAdmin SQL Dump
-- version 5.0.1
-- https://www.phpmyadmin.net/
--
-- Host: 127.0.0.1
-- Generation Time: Sep 02, 2021 at 05:33 AM
-- Server version: 10.4.11-MariaDB
-- PHP Version: 7.4.3

SET SQL_MODE = "NO_AUTO_VALUE_ON_ZERO";
SET AUTOCOMMIT = 0;
START TRANSACTION;
SET time_zone = "+00:00";


/*!40101 SET @OLD_CHARACTER_SET_CLIENT=@@CHARACTER_SET_CLIENT */;
/*!40101 SET @OLD_CHARACTER_SET_RESULTS=@@CHARACTER_SET_RESULTS */;
/*!40101 SET @OLD_COLLATION_CONNECTION=@@COLLATION_CONNECTION */;
/*!40101 SET NAMES utf8mb4 */;

--
-- Database: `db_sk3`
--

-- --------------------------------------------------------

--
-- Table structure for table `apar`
--

CREATE TABLE `apar` (
  `id` int(11) NOT NULL,
  `id_gedung` int(50) NOT NULL,
  `id_lantai` int(50) NOT NULL,
  `lokasi_apar` longtext NOT NULL,
  `nomor_urut` varchar(50) NOT NULL,
  `foto_apar` varchar(50) NOT NULL,
  `merek_apar` varchar(50) NOT NULL,
  `type_apar` varchar(50) NOT NULL,
  `kapasitas` varchar(20) NOT NULL,
  `media` varchar(20) NOT NULL,
  `tanggal_expired` date NOT NULL,
  `jadwal_refill` date NOT NULL,
  `jadwal_triwulanan` date NOT NULL,
  `created_at` timestamp NOT NULL DEFAULT current_timestamp() ON UPDATE current_timestamp(),
  `updated_at` timestamp NULL DEFAULT NULL,
  `deleted_at` timestamp NULL DEFAULT NULL
) ENGINE=InnoDB DEFAULT CHARSET=utf8mb4;

--
-- Dumping data for table `apar`
--

INSERT INTO `apar` (`id`, `id_gedung`, `id_lantai`, `lokasi_apar`, `nomor_urut`, `foto_apar`, `merek_apar`, `type_apar`, `kapasitas`, `media`, `tanggal_expired`, `jadwal_refill`, `jadwal_triwulanan`, `created_at`, `updated_at`, `deleted_at`) VALUES
(7, 8, 15, 'Makassar', '43', 'oRxcBEeXv6uHqMEFr2OD.jpg', 'cek', 'cek', '12', 'ABC', '2021-09-01', '2021-09-01', '2021-09-01', '2021-09-02 03:31:04', '2021-09-01 19:31:04', NULL);

-- --------------------------------------------------------

--
-- Table structure for table `eviden`
--

CREATE TABLE `eviden` (
  `id` int(11) NOT NULL,
  `id_jadwal` int(11) NOT NULL,
  `url` varchar(50) DEFAULT NULL,
  `pdf` varchar(50) DEFAULT NULL,
  `created_at` timestamp NOT NULL DEFAULT current_timestamp() ON UPDATE current_timestamp(),
  `updated_at` timestamp NULL DEFAULT NULL,
  `deleted_at` timestamp NULL DEFAULT NULL
) ENGINE=InnoDB DEFAULT CHARSET=utf8mb4;

--
-- Dumping data for table `eviden`
--

INSERT INTO `eviden` (`id`, `id_jadwal`, `url`, `pdf`, `created_at`, `updated_at`, `deleted_at`) VALUES
(19, 9, 'fK6aKCTetgmJ1G1Sb8fU.png', NULL, '2021-09-02 02:06:20', '2021-09-01 18:06:20', NULL);

-- --------------------------------------------------------

--
-- Table structure for table `jadwal`
--

CREATE TABLE `jadwal` (
  `id` int(11) NOT NULL,
  `id_kantor_induk` int(11) DEFAULT NULL,
  `id_unit_level2` int(11) DEFAULT NULL,
  `id_unit_level3` int(11) DEFAULT NULL,
  `lokasi` varchar(50) NOT NULL,
  `koordinat` varchar(50) NOT NULL,
  `deskripsi` longtext NOT NULL,
  `created_at` timestamp NOT NULL DEFAULT current_timestamp() ON UPDATE current_timestamp(),
  `updated_at` timestamp NULL DEFAULT NULL,
  `deleted_at` timestamp NULL DEFAULT NULL
) ENGINE=InnoDB DEFAULT CHARSET=utf8mb4;

--
-- Dumping data for table `jadwal`
--

INSERT INTO `jadwal` (`id`, `id_kantor_induk`, `id_unit_level2`, `id_unit_level3`, `lokasi`, `koordinat`, `deskripsi`, `created_at`, `updated_at`, `deleted_at`) VALUES
(9, 1, 103, 10301, 'makassar', 'test', 'test', '2021-08-31 18:39:13', '2021-08-31 18:39:13', NULL);

-- --------------------------------------------------------

--
-- Table structure for table `kantor_induk`
--

CREATE TABLE `kantor_induk` (
  `id` bigint(20) NOT NULL,
  `nama_kantor_induk` varchar(765) DEFAULT NULL,
  `wilayah_kerja` tinyint(1) DEFAULT NULL,
  `created_at` timestamp NOT NULL DEFAULT current_timestamp() ON UPDATE current_timestamp(),
  `updated_at` timestamp NOT NULL DEFAULT current_timestamp(),
  `deleted_at` timestamp NULL DEFAULT current_timestamp(),
  `kode_unit` varchar(60) DEFAULT NULL
) ENGINE=InnoDB DEFAULT CHARSET=utf8mb4;

--
-- Dumping data for table `kantor_induk`
--

INSERT INTO `kantor_induk` (`id`, `nama_kantor_induk`, `wilayah_kerja`, `created_at`, `updated_at`, `deleted_at`, `kode_unit`) VALUES
(1, 'UIW Sumatera Utara', 1, '2021-06-29 06:03:51', '2021-06-28 21:06:55', NULL, '12');

-- --------------------------------------------------------

--
-- Table structure for table `master_gedung`
--

CREATE TABLE `master_gedung` (
  `id` int(11) NOT NULL,
  `nama_gedung` varchar(120) NOT NULL,
  `id_kantor_induk` int(20) NOT NULL,
  `id_unit_level2` int(20) NOT NULL,
  `id_unit_level3` int(20) NOT NULL,
  `company_code` varchar(20) NOT NULL,
  `busines_area` varchar(20) NOT NULL,
  `created_at` timestamp NOT NULL DEFAULT current_timestamp() ON UPDATE current_timestamp(),
  `updated_at` timestamp NULL DEFAULT NULL,
  `deleted_at` timestamp NULL DEFAULT NULL
) ENGINE=InnoDB DEFAULT CHARSET=utf8mb4;

--
-- Dumping data for table `master_gedung`
--

INSERT INTO `master_gedung` (`id`, `nama_gedung`, `id_kantor_induk`, `id_unit_level2`, `id_unit_level3`, `company_code`, `busines_area`, `created_at`, `updated_at`, `deleted_at`) VALUES
(8, 'Gedung Masyarakat', 1, 103, 10301, '007', '007', '2021-08-28 00:44:17', '2021-08-28 00:44:17', NULL),
(9, 'Gedung balaikota', 1, 103, 10303, '007', '007', '2021-08-31 16:32:01', '2021-08-31 16:32:01', NULL);

-- --------------------------------------------------------

--
-- Table structure for table `master_lantai`
--

CREATE TABLE `master_lantai` (
  `id` int(11) NOT NULL,
  `nama_lantai` varchar(20) NOT NULL,
  `id_kantor_induk` int(20) NOT NULL,
  `id_unit_level2` int(20) NOT NULL,
  `id_unit_level3` int(20) NOT NULL,
  `id_gedung` int(11) NOT NULL,
  `created_at` timestamp NOT NULL DEFAULT current_timestamp() ON UPDATE current_timestamp(),
  `updated_at` timestamp NULL DEFAULT NULL,
  `deleted_at` timestamp NULL DEFAULT NULL
) ENGINE=InnoDB DEFAULT CHARSET=utf8mb4;

--
-- Dumping data for table `master_lantai`
--

INSERT INTO `master_lantai` (`id`, `nama_lantai`, `id_kantor_induk`, `id_unit_level2`, `id_unit_level3`, `id_gedung`, `created_at`, `updated_at`, `deleted_at`) VALUES
(15, 'Lantai 3', 1, 103, 10301, 8, '2021-08-31 18:54:43', '2021-08-31 18:54:43', NULL),
(16, 'Lantai 2', 1, 103, 10301, 8, '2021-09-01 17:37:25', '2021-09-01 17:37:25', NULL);

-- --------------------------------------------------------

--
-- Table structure for table `migrations`
--

CREATE TABLE `migrations` (
  `id` int(10) UNSIGNED NOT NULL,
  `migration` varchar(255) COLLATE utf8mb4_unicode_ci NOT NULL,
  `batch` int(11) NOT NULL
) ENGINE=InnoDB DEFAULT CHARSET=utf8mb4 COLLATE=utf8mb4_unicode_ci;

--
-- Dumping data for table `migrations`
--

INSERT INTO `migrations` (`id`, `migration`, `batch`) VALUES
(1, '2014_10_12_000000_create_users_table', 1),
(2, '2014_10_12_100000_create_password_resets_table', 1),
(3, '2019_08_19_000000_create_failed_jobs_table', 1),
(4, '2021_08_09_133331_create_kantor_induks_table', 1),
(5, '2021_08_09_133604_create_unit_level2s_table', 1);

-- --------------------------------------------------------

--
-- Table structure for table `role`
--

CREATE TABLE `role` (
  `id` bigint(20) NOT NULL,
  `role` varchar(50) NOT NULL
) ENGINE=InnoDB DEFAULT CHARSET=utf8mb4;

--
-- Dumping data for table `role`
--

INSERT INTO `role` (`id`, `role`) VALUES
(1, 'admin'),
(2, 'user');

-- --------------------------------------------------------

--
-- Table structure for table `unit_level2`
--

CREATE TABLE `unit_level2` (
  `id` bigint(20) NOT NULL,
  `nama_unit_level2` varchar(765) DEFAULT NULL,
  `kantor_induk_id` bigint(20) DEFAULT NULL,
  `created_at` timestamp NOT NULL DEFAULT current_timestamp() ON UPDATE current_timestamp(),
  `updated_at` timestamp NOT NULL DEFAULT current_timestamp(),
  `deleted_at` timestamp NULL DEFAULT current_timestamp(),
  `kode_unit` varchar(30) DEFAULT NULL
) ENGINE=InnoDB DEFAULT CHARSET=utf8mb4;

--
-- Dumping data for table `unit_level2`
--

INSERT INTO `unit_level2` (`id`, `nama_unit_level2`, `kantor_induk_id`, `created_at`, `updated_at`, `deleted_at`, `kode_unit`) VALUES
(101, 'UP2K ', 1, '2021-06-29 06:18:35', '0000-00-00 00:00:00', NULL, NULL),
(102, 'UP2D ', 1, '2021-06-29 06:18:35', '0000-00-00 00:00:00', NULL, NULL),
(103, 'UP3 Medan', 1, '2021-06-29 06:18:35', '0000-00-00 00:00:00', NULL, '12120'),
(104, 'UP3 Medan Utara', 1, '2021-06-29 06:18:35', '0000-00-00 00:00:00', NULL, '12128\r\n'),
(105, 'UP3 Bukit Barisan', 1, '2021-06-29 06:18:35', '0000-00-00 00:00:00', NULL, '12129\r\n'),
(106, 'UP3 Binjai', 1, '2021-06-29 06:18:35', '0000-00-00 00:00:00', NULL, '12122\r\n\r\n\r'),
(107, 'UP3 Lubuk Pakam', 1, '2021-06-29 06:18:35', '0000-00-00 00:00:00', NULL, '12126\r\n\r\n\r'),
(108, 'UP3 Pematang Siantar', 1, '2021-06-29 06:18:35', '0000-00-00 00:00:00', NULL, '12121\r\n\r\n\r'),
(109, 'UP3 Rantau Prapat', 1, '2021-06-29 06:18:35', '0000-00-00 00:00:00', NULL, '12125\r\n\r\n\r'),
(110, 'UP3 Sibolga', 1, '2021-06-29 06:18:35', '0000-00-00 00:00:00', NULL, '12123\r\n\r\n\r'),
(111, 'UP3 Padangsidimpuan', 1, '2021-06-29 06:18:35', '0000-00-00 00:00:00', NULL, '12124\r\n\r\n\r'),
(112, 'UP3 Nias', 1, '2021-06-29 06:18:35', '0000-00-00 00:00:00', NULL, '12127\r\n\r\n\r');

-- --------------------------------------------------------

--
-- Table structure for table `unit_level3`
--

CREATE TABLE `unit_level3` (
  `id` bigint(20) NOT NULL,
  `nama_unit_level3` varchar(765) DEFAULT NULL,
  `unit_level2_id` bigint(20) DEFAULT NULL,
  `created_at` timestamp NOT NULL DEFAULT current_timestamp() ON UPDATE current_timestamp(),
  `updated_at` timestamp NOT NULL DEFAULT current_timestamp(),
  `deleted_at` timestamp NULL DEFAULT current_timestamp(),
  `kode_unit` varchar(30) DEFAULT NULL
) ENGINE=InnoDB DEFAULT CHARSET=utf8mb4;

--
-- Dumping data for table `unit_level3`
--

INSERT INTO `unit_level3` (`id`, `nama_unit_level3`, `unit_level2_id`, `created_at`, `updated_at`, `deleted_at`, `kode_unit`) VALUES
(10301, 'ULP Medan Kota', 103, '2021-07-06 15:02:06', '0000-00-00 00:00:00', NULL, '12001\r\n'),
(10302, 'ULP Sunggal', 103, '2021-07-06 15:02:06', '0000-00-00 00:00:00', NULL, '12012\r\n'),
(10303, 'ULP Medan Baru', 103, '2021-07-06 15:02:06', '0000-00-00 00:00:00', NULL, '12002\r\n'),
(10304, 'ULP Medan Selatan', 103, '2021-07-06 15:02:06', '0000-00-00 00:00:00', NULL, '12003\r\n'),
(10305, 'ULP Johor', 103, '2021-07-06 15:02:06', '0000-00-00 00:00:00', NULL, '12014\r\n'),
(10401, 'ULP Belawan', 104, '2021-07-06 15:02:06', '0000-00-00 00:00:00', NULL, '12802\r\n'),
(10402, 'ULP Helvetia', 104, '2021-07-06 15:02:06', '0000-00-00 00:00:00', NULL, '12803\r\n'),
(10403, 'ULP Medan Timur', 104, '2021-07-06 15:02:06', '0000-00-00 00:00:00', NULL, '12801\r\n'),
(10404, 'ULP Labuhan', 104, '2021-07-06 15:02:06', '0000-00-00 00:00:00', NULL, '12804\r\n'),
(10501, 'ULP Sidikalang', 105, '2021-07-06 15:02:06', '0000-00-00 00:00:00', NULL, '12901\r\n'),
(10502, 'ULP Tiga Binanga', 105, '2021-07-06 15:02:06', '0000-00-00 00:00:00', NULL, '12902\r\n'),
(10503, 'ULP Brastagi', 105, '2021-07-06 15:02:06', '0000-00-00 00:00:00', NULL, '12903\r\n'),
(10504, 'ULP Kabanjahe', 105, '2021-07-06 15:02:06', '0000-00-00 00:00:00', NULL, '12905\r\n'),
(10505, 'ULP Pancur Batu', 105, '2021-07-06 15:02:06', '0000-00-00 00:00:00', NULL, '12906\r\n'),
(10506, 'ULP Kuala', 105, '2021-07-06 15:02:06', '0000-00-00 00:00:00', NULL, '12904\r\n'),
(10601, 'ULP Binjai Kota', 106, '2021-07-06 15:02:06', '0000-00-00 00:00:00', NULL, '12201\r\n'),
(10602, 'ULP Stabat', 106, '2021-07-06 15:02:06', '0000-00-00 00:00:00', NULL, '12214\r\n'),
(10603, 'ULP Tanjung Pura', 106, '2021-07-06 15:02:06', '0000-00-00 00:00:00', NULL, '12215\r\n'),
(10604, 'ULP Gebang', 106, '2021-07-06 15:02:06', '0000-00-00 00:00:00', NULL, '12216\r\n'),
(10605, 'ULP P.Brandan', 106, '2021-07-06 15:02:06', '0000-00-00 00:00:00', NULL, '12217\r\n'),
(10606, 'ULP P.Susu', 106, '2021-07-06 15:02:43', '0000-00-00 00:00:00', NULL, '12218\r\n'),
(10607, 'ULP Binjai Timur', 106, '2021-07-06 15:02:43', '0000-00-00 00:00:00', NULL, '12202\r\n'),
(10608, 'ULP Binjai Barat', 106, '2021-07-06 15:02:43', '0000-00-00 00:00:00', NULL, '12203\r\n'),
(10701, 'ULP Lubuk Pakam Kota', 107, '2021-07-06 15:02:43', '0000-00-00 00:00:00', NULL, '12612\r\n'),
(10702, 'ULP Perbaungan', 107, '2021-07-06 15:02:43', '0000-00-00 00:00:00', NULL, '12614\r\n'),
(10703, 'ULP Tanjung Morawa', 107, '0000-00-00 00:00:00', '0000-00-00 00:00:00', '2021-07-06 14:53:16', '12613\r\n'),
(10704, 'ULP Sei Rampah', 107, '0000-00-00 00:00:00', '0000-00-00 00:00:00', '2021-07-06 14:53:16', '12616\r\n'),
(10705, 'ULP Denai', 107, '0000-00-00 00:00:00', '0000-00-00 00:00:00', '2021-07-06 14:53:16', '12610\r\n'),
(10706, 'ULP Deli Tua', 107, '0000-00-00 00:00:00', '0000-00-00 00:00:00', '2021-07-06 14:53:16', '12615\r\n'),
(10707, 'ULP Galang', 107, '0000-00-00 00:00:00', '0000-00-00 00:00:00', '2021-07-06 14:53:16', '12617\r\n'),
(10801, 'ULP Pematangsiantar Kota', 108, '0000-00-00 00:00:00', '0000-00-00 00:00:00', '2021-07-06 14:53:16', '12101\r\n'),
(10802, 'ULP Tebing Tinggi', 108, '0000-00-00 00:00:00', '0000-00-00 00:00:00', '2021-07-06 14:53:16', '12110\r\n'),
(10803, 'ULP Limapuluh', 108, '0000-00-00 00:00:00', '0000-00-00 00:00:00', '2021-07-06 14:53:16', '12102\r\n'),
(10804, 'ULP Kisaran', 108, '0000-00-00 00:00:00', '0000-00-00 00:00:00', '2021-07-06 14:53:16', '12111\r\n'),
(10805, 'ULP Perdagangan', 108, '0000-00-00 00:00:00', '0000-00-00 00:00:00', '2021-07-06 14:53:16', '12112\r\n'),
(10806, 'ULP Parapat', 108, '0000-00-00 00:00:00', '0000-00-00 00:00:00', '2021-07-06 14:53:16', '12113\r\n'),
(10807, 'ULP Tanjung Tiram', 108, '0000-00-00 00:00:00', '0000-00-00 00:00:00', '2021-07-06 14:53:16', '12114\r\n'),
(10808, 'ULP Sidamanik', 108, '0000-00-00 00:00:00', '0000-00-00 00:00:00', '2021-07-06 14:53:16', '12115\r\n'),
(10809, 'ULP Indra Pura', 108, '0000-00-00 00:00:00', '0000-00-00 00:00:00', '2021-07-06 14:53:16', '12116\r\n'),
(10810, 'ULP Tanah Jawa', 108, '0000-00-00 00:00:00', '0000-00-00 00:00:00', '2021-07-06 14:53:16', '12117\r\n'),
(10811, 'ULP Pangururan', 108, '0000-00-00 00:00:00', '0000-00-00 00:00:00', '2021-07-06 14:53:16', '12118\r\n'),
(10812, 'ULP Dolok Masihul', 108, '0000-00-00 00:00:00', '0000-00-00 00:00:00', '2021-07-06 14:53:16', '12119\r\n'),
(10813, 'GH ULP Dolok Masihul (kantor Lama)', 108, '0000-00-00 00:00:00', '0000-00-00 00:00:00', '2021-07-06 14:53:16', NULL),
(10901, 'ULP Kota Pinang', 109, '0000-00-00 00:00:00', '0000-00-00 00:00:00', '2021-07-06 14:53:16', '12510\r\n'),
(10902, 'ULP Tanjung Balai', 109, '0000-00-00 00:00:00', '0000-00-00 00:00:00', '2021-07-06 14:53:16', '12511\r\n'),
(10903, 'ULP Aek Kanopan', 109, '0000-00-00 00:00:00', '0000-00-00 00:00:00', '2021-07-06 14:53:16', '12512\r\n'),
(10904, 'ULP Labuhan Bilik', 109, '0000-00-00 00:00:00', '0000-00-00 00:00:00', '2021-07-06 14:53:16', '12513\r\n'),
(10905, 'ULP Aek Nabara', 109, '0000-00-00 00:00:00', '0000-00-00 00:00:00', '2021-07-06 14:53:16', '12515\r\n'),
(10906, 'ULP Rantau Prapat Kota', 109, '0000-00-00 00:00:00', '0000-00-00 00:00:00', '2021-07-06 14:53:16', '12501\r\n'),
(10907, 'ULP Simpang Kawat', 109, '0000-00-00 00:00:00', '0000-00-00 00:00:00', '2021-07-06 14:53:16', '12516\r\n'),
(10908, 'ULP Kota Batu', 109, '0000-00-00 00:00:00', '0000-00-00 00:00:00', '2021-07-06 14:53:16', '12514\r\n'),
(11001, 'ULP Sibolga Kota', 110, '0000-00-00 00:00:00', '0000-00-00 00:00:00', '2021-07-06 14:53:16', '12301\r\n'),
(11002, 'ULP Porsea', 110, '0000-00-00 00:00:00', '0000-00-00 00:00:00', '2021-07-06 14:53:16', '12310\r\n'),
(11003, 'ULP Balige', 110, '0000-00-00 00:00:00', '0000-00-00 00:00:00', '2021-07-06 14:53:16', '12311\r\n'),
(11004, 'ULP Siborong-borong', 110, '0000-00-00 00:00:00', '0000-00-00 00:00:00', '2021-07-06 14:53:16', '12312\r\n'),
(11005, 'ULP Dolok Sanggul', 110, '0000-00-00 00:00:00', '0000-00-00 00:00:00', '2021-07-06 14:53:16', '12313\r\n'),
(11006, 'ULP Tarutung', 110, '0000-00-00 00:00:00', '0000-00-00 00:00:00', '2021-07-06 14:53:16', '12314\r\n'),
(11007, 'ULP Barus', 110, '0000-00-00 00:00:00', '0000-00-00 00:00:00', '2021-07-06 14:53:16', '12315\r\n'),
(11101, 'ULP Penyambungan', 111, '0000-00-00 00:00:00', '0000-00-00 00:00:00', '2021-07-06 14:53:16', '12410\r\n'),
(11102, 'ULP Kota Nopan', 111, '0000-00-00 00:00:00', '0000-00-00 00:00:00', '2021-07-06 14:53:16', '12411\r\n'),
(11103, 'ULP Sibuhuan', 111, '0000-00-00 00:00:00', '0000-00-00 00:00:00', '2021-07-06 14:53:16', '12412\r\n'),
(11104, 'ULP Sipirok', 111, '0000-00-00 00:00:00', '0000-00-00 00:00:00', '2021-07-06 14:53:16', '12413\r\n'),
(11105, 'ULP Gunung Tua', 111, '0000-00-00 00:00:00', '0000-00-00 00:00:00', '2021-07-06 14:53:16', '12414\r\n'),
(11106, 'ULP Natal', 111, '0000-00-00 00:00:00', '0000-00-00 00:00:00', '2021-07-06 14:53:16', '12415\r\n'),
(11107, 'ULP P.SIDEMPUAN KOTA', 111, '0000-00-00 00:00:00', '0000-00-00 00:00:00', '2021-07-06 14:53:16', '12401\r\n'),
(11201, 'ULP Gunung Sitoli', 112, '0000-00-00 00:00:00', '0000-00-00 00:00:00', '2021-07-06 14:53:16', '12710\r\n'),
(11202, 'ULP Teluk Dalam', 112, '0000-00-00 00:00:00', '0000-00-00 00:00:00', '2021-07-06 14:53:16', '12711\r\n'),
(11203, 'ULP Nias Barat', 112, '0000-00-00 00:00:00', '0000-00-00 00:00:00', '2021-07-06 14:53:16', '12712\r\n'),
(11204, 'ULP Panyabungan', 101, '2021-07-07 04:39:07', '2021-07-07 00:44:02', NULL, NULL);

-- --------------------------------------------------------

--
-- Table structure for table `users`
--

CREATE TABLE `users` (
  `id` bigint(20) UNSIGNED NOT NULL,
  `nip` varchar(50) NOT NULL DEFAULT '0',
  `password` varchar(255) NOT NULL,
  `email` varchar(50) NOT NULL,
  `name` varchar(50) NOT NULL,
  `role_id` int(11) NOT NULL,
  `KodeUnit_kantor_induk` int(11) DEFAULT NULL,
  `KodeUnit_unit_level2` int(11) DEFAULT NULL,
  `KodeUnit_unit_level3` int(11) DEFAULT NULL,
  `id_kantor_induk` int(11) DEFAULT NULL,
  `id_unit_level2` int(11) DEFAULT NULL,
  `id_unit_level3` int(11) DEFAULT NULL,
  `verifikasi_user` varchar(10) DEFAULT NULL,
  `title` varchar(50) DEFAULT NULL,
  `department` varchar(50) DEFAULT NULL,
  `phone_number` bigint(12) UNSIGNED ZEROFILL DEFAULT NULL,
  `thumbnail_photo` text DEFAULT NULL,
  `remember_token` text DEFAULT NULL,
  `created_at` timestamp NOT NULL DEFAULT current_timestamp(),
  `updated_at` timestamp NOT NULL DEFAULT current_timestamp() ON UPDATE current_timestamp(),
  `deleted_at` timestamp NULL DEFAULT NULL
) ENGINE=InnoDB DEFAULT CHARSET=latin1;

--
-- Dumping data for table `users`
--

INSERT INTO `users` (`id`, `nip`, `password`, `email`, `name`, `role_id`, `KodeUnit_kantor_induk`, `KodeUnit_unit_level2`, `KodeUnit_unit_level3`, `id_kantor_induk`, `id_unit_level2`, `id_unit_level3`, `verifikasi_user`, `title`, `department`, `phone_number`, `thumbnail_photo`, `remember_token`, `created_at`, `updated_at`, `deleted_at`) VALUES
(1, '8510578Z', '$2y$10$76DGQCi05dRaTGTELPB/.eN5yUKi0Cqwau4UmU3Ww7yXK3gc.ZD7G', 'BOY.ROCKY@PLN.CO.ID', 'BOY ROCKY S, S.E.', 2, 12, 12122, NULL, 1, 106, NULL, '1', NULL, NULL, NULL, NULL, NULL, '0000-00-00 00:00:00', '2021-07-18 13:08:58', NULL),
(95172382, '8610119Z', '$2y$10$76DGQCi05dRaTGTELPB/.eN5yUKi0Cqwau4UmU3Ww7yXK3gc.ZD7G', 'WILDA.SAFITRI.N@PLN.CO.ID', 'WIELDA SAFITRI NOVA', 2, 12, 12122, NULL, 1, 106, NULL, '0', NULL, NULL, NULL, NULL, NULL, '0000-00-00 00:00:00', '2021-07-18 13:08:58', NULL),
(95172383, '8404061A', '$2y$10$76DGQCi05dRaTGTELPB/.eN5yUKi0Cqwau4UmU3Ww7yXK3gc.ZD7G', 'FACHRUDDIN.HARIANDI@PLN.CO.ID', 'FACHRUDDIN HARIANDI', 2, 12, 12122, 12218, 1, 106, 10606, '1', NULL, NULL, NULL, NULL, NULL, '0000-00-00 00:00:00', '2021-07-19 13:40:58', NULL),
(95172384, '8610021A', '$2y$10$76DGQCi05dRaTGTELPB/.eN5yUKi0Cqwau4UmU3Ww7yXK3gc.ZD7G', 'HERU.PRAYETNO@PLN.CO.ID', 'HERU PRAYETNO', 2, 12, 12122, 12203, 1, 106, 10608, '0', NULL, NULL, NULL, NULL, NULL, '0000-00-00 00:00:00', '2021-07-19 13:42:09', NULL),
(95172385, '8810060A', '$2y$10$76DGQCi05dRaTGTELPB/.eN5yUKi0Cqwau4UmU3Ww7yXK3gc.ZD7G', 'FRANDY.HABEAHAN@PLN.CO.ID', 'FRANDY HABEAHAN', 2, 12, 12122, 12214, 1, 106, 10602, '0', NULL, NULL, NULL, NULL, NULL, '0000-00-00 00:00:00', '2021-07-19 13:37:17', NULL),
(95172386, '8910012A', '$2y$10$76DGQCi05dRaTGTELPB/.eN5yUKi0Cqwau4UmU3Ww7yXK3gc.ZD7G', 'DAVID.ABDI@PLN.CO.ID', 'DAVID ABDI', 2, 12, 12122, 12215, 1, 106, 10603, '0', NULL, NULL, NULL, NULL, NULL, '0000-00-00 00:00:00', '2021-07-19 13:37:44', NULL),
(95172387, '9018064ZY', '$2y$10$76DGQCi05dRaTGTELPB/.eN5yUKi0Cqwau4UmU3Ww7yXK3gc.ZD7G', 'HERI.PURNOMO@PLN.CO.ID', 'HERI PURNOMO', 2, 12, 12122, 12216, 1, 106, 10604, '0', NULL, NULL, NULL, NULL, NULL, '0000-00-00 00:00:00', '2021-07-19 13:39:08', NULL),
(95172388, '9115494ZY', '$2y$10$76DGQCi05dRaTGTELPB/.eN5yUKi0Cqwau4UmU3Ww7yXK3gc.ZD7G', 'ALIEFPZE@PLN.CO.ID', 'ALIEF PRATAMA ZEFIANSYAH', 2, 12, 12122, 12202, 1, 106, 10607, '0', NULL, NULL, NULL, NULL, NULL, '0000-00-00 00:00:00', '2021-07-19 13:41:32', NULL),
(95172389, '9116827ZY', '$2y$10$76DGQCi05dRaTGTELPB/.eN5yUKi0Cqwau4UmU3Ww7yXK3gc.ZD7G', 'FEBRANSYAH@PLN.CO.ID', 'FEBRANSYAH', 2, 12, 12122, 12201, 1, 106, 10601, '0', NULL, NULL, NULL, NULL, NULL, '0000-00-00 00:00:00', '2021-07-19 13:36:42', NULL),
(95172390, '95171630ZY', '$2y$10$76DGQCi05dRaTGTELPB/.eN5yUKi0Cqwau4UmU3Ww7yXK3gc.ZD7G', 'DERRYTRIS@PLN.CO.ID', 'DERRY TRI SAPUTRA', 2, 12, 12122, 12217, 1, 106, 10605, '0', NULL, NULL, NULL, NULL, NULL, '0000-00-00 00:00:00', '2021-07-19 13:39:30', NULL),
(95172391, '91151477ZY', '$2y$10$76DGQCi05dRaTGTELPB/.eN5yUKi0Cqwau4UmU3Ww7yXK3gc.ZD7G', 'SITI.ASIYAHMUTIA@PLN.CO.ID', 'SITI ASIYAH MUTIA', 2, 12, 12122, NULL, 1, 106, NULL, '0', NULL, NULL, NULL, NULL, NULL, '0000-00-00 00:00:00', '2021-07-18 13:08:58', NULL),
(95172392, '8508040A', '$2y$10$76DGQCi05dRaTGTELPB/.eN5yUKi0Cqwau4UmU3Ww7yXK3gc.ZD7G', 'MIRANDA.A.HADWINA@PLN.CO.ID', 'MIRANDA ADELIA HADWINA', 2, 12, 12122, 12201, 1, 106, 10601, '0', NULL, NULL, NULL, NULL, NULL, '0000-00-00 00:00:00', '2021-07-19 13:36:42', NULL),
(95172393, '8509100A', '$2y$10$76DGQCi05dRaTGTELPB/.eN5yUKi0Cqwau4UmU3Ww7yXK3gc.ZD7G', 'ROMANZA.VIRGO@PLN.CO.ID', 'ROMANZA VIRGO', 2, 12, 12122, 12203, 1, 106, 10608, '0', NULL, NULL, NULL, NULL, NULL, '0000-00-00 00:00:00', '2021-07-19 13:42:09', NULL),
(95172394, '8910016A', '$2y$10$76DGQCi05dRaTGTELPB/.eN5yUKi0Cqwau4UmU3Ww7yXK3gc.ZD7G', 'ARI.GUSTIAWAN@PLN.CO.ID', 'ARI GUSTIAWAN', 2, 12, 12122, 12215, 1, 106, 10603, '0', NULL, NULL, NULL, NULL, NULL, '0000-00-00 00:00:00', '2021-07-19 13:37:44', NULL),
(95172395, '9110080A', '$2y$10$76DGQCi05dRaTGTELPB/.eN5yUKi0Cqwau4UmU3Ww7yXK3gc.ZD7G', 'NONA.DESI@PLN.CO.ID', 'NONA DESI ELFRIDA SIRAIT', 2, 12, 12122, 12214, 1, 106, 10602, '0', NULL, NULL, NULL, NULL, NULL, '0000-00-00 00:00:00', '2021-07-19 13:37:17', NULL),
(95172396, '9115815ZY', '$2y$10$76DGQCi05dRaTGTELPB/.eN5yUKi0Cqwau4UmU3Ww7yXK3gc.ZD7G', 'RADENSUCHIMS@PLN.CO.ID', 'R. SUCHI MAYANG SYEFIRA', 2, 12, 12122, 12202, 1, 106, 10607, '0', NULL, NULL, NULL, NULL, NULL, '0000-00-00 00:00:00', '2021-07-19 13:41:32', NULL),
(95172397, '91161166ZY', '$2y$10$76DGQCi05dRaTGTELPB/.eN5yUKi0Cqwau4UmU3Ww7yXK3gc.ZD7G', 'RICKYAPRIANSYAH@PLN.CO.ID', 'RICKY APRIANSYAH', 2, 12, 12122, 12218, 1, 106, 10606, '0', NULL, NULL, NULL, NULL, NULL, '0000-00-00 00:00:00', '2021-07-19 13:40:58', NULL),
(95172398, '91162391ZY', '$2y$10$76DGQCi05dRaTGTELPB/.eN5yUKi0Cqwau4UmU3Ww7yXK3gc.ZD7G', 'MUSTHOFAHSB@PLN.CO.ID', 'MUSTHOFA WIRAWAN HSB', 2, 12, 12122, 12217, 1, 106, 10605, '0', NULL, NULL, NULL, NULL, NULL, '0000-00-00 00:00:00', '2021-07-19 13:39:30', NULL),
(95172399, '94171626ZY', '$2y$10$76DGQCi05dRaTGTELPB/.eN5yUKi0Cqwau4UmU3Ww7yXK3gc.ZD7G', 'ROSMIDA.ALVIONITA@PLN.CO.ID', 'ROSMIDA ALVIONITA', 2, 12, 12122, 12216, 1, 106, 10604, '0', NULL, NULL, NULL, NULL, NULL, '0000-00-00 00:00:00', '2021-07-19 13:39:08', NULL),
(95172400, '8712622ZY', '$2y$10$76DGQCi05dRaTGTELPB/.eN5yUKi0Cqwau4UmU3Ww7yXK3gc.ZD7G', 'HERI.IRAWAN@PLN.CO.ID', 'HERI IRAWAN', 2, 12, 12122, 12203, 1, 106, 10608, '0', NULL, NULL, NULL, NULL, NULL, '0000-00-00 00:00:00', '2021-07-19 13:42:09', NULL),
(95172401, '6590077A', '$2y$10$76DGQCi05dRaTGTELPB/.eN5yUKi0Cqwau4UmU3Ww7yXK3gc.ZD7G', 'HARISON.HASIBUAN@PLN.CO.ID', 'HARISON HASIBUAN', 2, 12, 12122, 12201, 1, 106, 10601, '0', NULL, NULL, NULL, NULL, NULL, '0000-00-00 00:00:00', '2021-07-19 13:36:42', NULL),
(95172402, '8409004A', '$2y$10$76DGQCi05dRaTGTELPB/.eN5yUKi0Cqwau4UmU3Ww7yXK3gc.ZD7G', 'FACHRU.ROZIE@PLN.CO.ID', 'FACHRU ROZIE SIREGAR', 2, 12, 12122, 12202, 1, 106, 10607, '0', NULL, NULL, NULL, NULL, NULL, '0000-00-00 00:00:00', '2021-07-19 13:41:32', NULL),
(95172403, '9014110ZY', '$2y$10$76DGQCi05dRaTGTELPB/.eN5yUKi0Cqwau4UmU3Ww7yXK3gc.ZD7G', 'JADIMAN.ARFEDI@PLN.CO.ID', 'JADIMAN ARFEDI H.', 2, 12, 12122, 12216, 1, 106, 10604, '0', NULL, NULL, NULL, NULL, NULL, '0000-00-00 00:00:00', '2021-07-19 13:39:08', NULL),
(95172404, '9014685ZY', '$2y$10$76DGQCi05dRaTGTELPB/.eN5yUKi0Cqwau4UmU3Ww7yXK3gc.ZD7G', 'TAUFIK.HARIJANTO@PLN.CO.ID', 'TAUFIK HARIJANTO', 2, 12, 12122, 12217, 1, 106, 10605, '0', NULL, NULL, NULL, NULL, NULL, '0000-00-00 00:00:00', '2021-07-19 13:39:30', NULL),
(95172405, '8404064A', '$2y$10$76DGQCi05dRaTGTELPB/.eN5yUKi0Cqwau4UmU3Ww7yXK3gc.ZD7G', 'RACHMAT.ADISYAHPUTRA@PLN.CO.ID', 'RACHMAT ADISYAHPUTRA', 2, 12, 12122, 12218, 1, 106, 10606, '0', NULL, NULL, NULL, NULL, NULL, '0000-00-00 00:00:00', '2021-07-19 13:40:58', NULL),
(95172406, '7192131A', '$2y$10$76DGQCi05dRaTGTELPB/.eN5yUKi0Cqwau4UmU3Ww7yXK3gc.ZD7G', 'EDY.IBRAHIM.SIRAIT@PLN.CO.ID', 'EDY IBRAHIM SIRAIT', 2, 12, 12122, 12214, 1, 106, 10602, '0', NULL, NULL, NULL, NULL, NULL, '0000-00-00 00:00:00', '2021-07-19 13:37:17', NULL),
(95172407, '87112317Z', '$2y$10$76DGQCi05dRaTGTELPB/.eN5yUKi0Cqwau4UmU3Ww7yXK3gc.ZD7G', 'ACHMAD.SODIKIN2@PLN.CO.ID', 'ACHMAD SODIKIN, A.MD', 2, 12, 12122, 12215, 1, 106, 10603, '0', NULL, NULL, NULL, NULL, NULL, '0000-00-00 00:00:00', '2021-07-19 13:37:44', NULL),
(95172408, '8308140Z', '$2y$10$76DGQCi05dRaTGTELPB/.eN5yUKi0Cqwau4UmU3Ww7yXK3gc.ZD7G', 'DINI.CONITA@PLN.CO.ID', 'DINI CONITA', 2, 12, 12129, NULL, 1, 105, NULL, '0', NULL, NULL, NULL, NULL, NULL, '0000-00-00 00:00:00', '2021-07-18 13:06:27', NULL),
(95172409, '8306025A', '$2y$10$76DGQCi05dRaTGTELPB/.eN5yUKi0Cqwau4UmU3Ww7yXK3gc.ZD7G', 'M.FAISAL@PLN.CO.ID', 'M.FAISAL IMAMI', 2, 12, 12129, NULL, 1, 105, NULL, '0', NULL, NULL, NULL, NULL, NULL, '0000-00-00 00:00:00', '2021-07-18 13:06:27', NULL),
(95172410, '91163575ZY', '$2y$10$76DGQCi05dRaTGTELPB/.eN5yUKi0Cqwau4UmU3Ww7yXK3gc.ZD7G', 'SEPTIAN.ADIWIJAYA@PLN.CO.ID', 'SEPTIAN ADI WIJAYA', 2, 12, 12129, 12903, 1, 105, 10503, '0', NULL, NULL, NULL, NULL, NULL, '0000-00-00 00:00:00', '2021-07-19 13:32:49', NULL),
(95172411, '9218984ZY', '$2y$10$76DGQCi05dRaTGTELPB/.eN5yUKi0Cqwau4UmU3Ww7yXK3gc.ZD7G', 'IKHSAN.ARIAN@PLN.CO.ID', 'MUHAMMAD IKHSAN ARIANTO', 2, 12, 12129, 12904, 1, 105, 10506, '0', NULL, NULL, NULL, NULL, NULL, '0000-00-00 00:00:00', '2021-07-19 13:36:05', NULL),
(95172412, '93151349ZY', '$2y$10$76DGQCi05dRaTGTELPB/.eN5yUKi0Cqwau4UmU3Ww7yXK3gc.ZD7G', 'RIZKI.HADIAN.WIBOWO@PLN.CO.ID', 'RIZKI HADIAN WIBOWO', 2, 12, 12129, 12902, 1, 105, 10502, '0', NULL, NULL, NULL, NULL, NULL, '0000-00-00 00:00:00', '2021-07-19 13:32:20', NULL),
(95172413, '94161985ZY', '$2y$10$76DGQCi05dRaTGTELPB/.eN5yUKi0Cqwau4UmU3Ww7yXK3gc.ZD7G', 'ILHAM.DANI@PLN.CO.ID', 'ILHAM DANI', 2, 12, 12129, 12906, 1, 105, 10505, '0', NULL, NULL, NULL, NULL, NULL, '0000-00-00 00:00:00', '2021-07-19 13:33:58', NULL),
(95172414, '94162931ZY', '$2y$10$76DGQCi05dRaTGTELPB/.eN5yUKi0Cqwau4UmU3Ww7yXK3gc.ZD7G', 'DWIRISTI@PLN.CO.ID', 'DWI RISTI MAWADDAH MAWARROH', 2, 12, 12129, 12901, 1, 105, 10501, '0', NULL, NULL, NULL, NULL, NULL, '0000-00-00 00:00:00', '2021-07-19 13:31:52', NULL),
(95172415, '9517756ZY', '$2y$10$76DGQCi05dRaTGTELPB/.eN5yUKi0Cqwau4UmU3Ww7yXK3gc.ZD7G', 'DEDYRISTIYANTO@PLN.CO.ID', 'DEDY RISTIYANTO', 2, 12, 12129, 12905, 1, 105, 10504, '0', NULL, NULL, NULL, NULL, NULL, '0000-00-00 00:00:00', '2021-07-19 13:33:23', NULL),
(95172416, '93151274ZY', '$2y$10$76DGQCi05dRaTGTELPB/.eN5yUKi0Cqwau4UmU3Ww7yXK3gc.ZD7G', 'FEBRIAN.DK@PLN.CO.ID', 'FEBRIAN DWI KURNIAWAN', 2, 12, 12129, NULL, 1, 105, NULL, '0', NULL, NULL, NULL, NULL, NULL, '0000-00-00 00:00:00', '2021-07-18 13:06:27', NULL),
(95172417, '8915311ZY', '$2y$10$76DGQCi05dRaTGTELPB/.eN5yUKi0Cqwau4UmU3Ww7yXK3gc.ZD7G', 'ANITA.FBRAHMANA@PLN.CO.ID', 'ANITA FEBRIYANTI BR S BRAHMANA', 2, 12, 12129, 12906, 1, 105, 10505, '0', NULL, NULL, NULL, NULL, NULL, '0000-00-00 00:00:00', '2021-07-19 13:33:58', NULL),
(95172418, '92162642ZY', '$2y$10$76DGQCi05dRaTGTELPB/.eN5yUKi0Cqwau4UmU3Ww7yXK3gc.ZD7G', 'DININUUR@PLN.CO.ID', 'DINI NUR RAHMAWATI BUDIMAN', 2, 12, 12129, 12905, 1, 105, 10504, '0', NULL, NULL, NULL, NULL, NULL, '0000-00-00 00:00:00', '2021-07-19 13:33:23', NULL),
(95172419, '92174044ZY', '$2y$10$76DGQCi05dRaTGTELPB/.eN5yUKi0Cqwau4UmU3Ww7yXK3gc.ZD7G', 'SAUTSIMARMATA@PLN.CO.ID', 'SAUT PAIAN', 2, 12, 12129, 12903, 1, 105, 10503, '0', NULL, NULL, NULL, NULL, NULL, '0000-00-00 00:00:00', '2021-07-19 13:32:49', NULL),
(95172420, '9218738ZY', '$2y$10$76DGQCi05dRaTGTELPB/.eN5yUKi0Cqwau4UmU3Ww7yXK3gc.ZD7G', 'DONNY.ANDREAS@PLN.CO.ID', 'DONNY ANDREAS KETAREN', 2, 12, 12129, 12904, 1, 105, 10506, '0', NULL, NULL, NULL, NULL, NULL, '0000-00-00 00:00:00', '2021-07-19 13:36:05', NULL),
(95172421, '93163768ZY', '$2y$10$76DGQCi05dRaTGTELPB/.eN5yUKi0Cqwau4UmU3Ww7yXK3gc.ZD7G', 'HENDRI.STYAWAN@PLN.CO.ID', 'HENDRI STYAWAN', 2, 12, 12129, 12902, 1, 105, 10502, '0', NULL, NULL, NULL, NULL, NULL, '0000-00-00 00:00:00', '2021-07-19 13:32:20', NULL),
(95172422, '9318786ZY', '$2y$10$76DGQCi05dRaTGTELPB/.eN5yUKi0Cqwau4UmU3Ww7yXK3gc.ZD7G', 'RINIMULIASARI@PLN.CO.ID', 'RINI MULIA SARI', 2, 12, 12129, 12901, 1, 105, 10501, '0', NULL, NULL, NULL, NULL, NULL, '0000-00-00 00:00:00', '2021-07-19 13:31:52', NULL),
(95172423, '8206024A', '$2y$10$76DGQCi05dRaTGTELPB/.eN5yUKi0Cqwau4UmU3Ww7yXK3gc.ZD7G', 'DONRIKUS.SIPANGKAR@PLN.CO.ID', 'DONRIKUS SIPANGKAR', 2, 12, 12129, 12903, 1, 105, 10503, '0', NULL, NULL, NULL, NULL, NULL, '0000-00-00 00:00:00', '2021-07-19 13:32:49', NULL),
(95172424, '9110079A', '$2y$10$76DGQCi05dRaTGTELPB/.eN5yUKi0Cqwau4UmU3Ww7yXK3gc.ZD7G', 'ERWINSYAH.LUBIS@PLN.CO.ID', 'ERWINSYAH LUBIS', 2, 12, 12129, 12905, 1, 105, 10504, '0', NULL, NULL, NULL, NULL, NULL, '0000-00-00 00:00:00', '2021-07-19 13:33:23', NULL),
(95172425, '8304053A', '$2y$10$76DGQCi05dRaTGTELPB/.eN5yUKi0Cqwau4UmU3Ww7yXK3gc.ZD7G', 'ALI.A.GINTING@PLN.CO.ID', 'ALI AZMAR GINTING', 2, 12, 12129, 12904, 1, 105, 10506, '0', NULL, NULL, NULL, NULL, NULL, '0000-00-00 00:00:00', '2021-07-19 13:36:05', NULL),
(95172426, '8609058A', '$2y$10$76DGQCi05dRaTGTELPB/.eN5yUKi0Cqwau4UmU3Ww7yXK3gc.ZD7G', 'HARRY.SIMBARA@PLN.CO.ID', 'HARRY SIMBARA', 2, 12, 12129, 12906, 1, 105, 10505, '0', NULL, NULL, NULL, NULL, NULL, '0000-00-00 00:00:00', '2021-07-19 13:33:58', NULL),
(95172427, '8408025A', '$2y$10$76DGQCi05dRaTGTELPB/.eN5yUKi0Cqwau4UmU3Ww7yXK3gc.ZD7G', 'DWIYANTO.SETIAWAN@PLN.CO.ID', 'DWIYANTO SETIAWAN', 2, 12, 12129, 12901, 1, 105, 10501, '0', NULL, NULL, NULL, NULL, NULL, '0000-00-00 00:00:00', '2021-07-19 13:31:52', NULL),
(95172428, '7404011A', '$2y$10$76DGQCi05dRaTGTELPB/.eN5yUKi0Cqwau4UmU3Ww7yXK3gc.ZD7G', 'KADER.SEMBIRING@PLN.CO.ID', 'KADER SEMBIRING', 2, 12, 12129, 12902, 1, 105, 10502, '0', NULL, NULL, NULL, NULL, NULL, '0000-00-00 00:00:00', '2021-07-19 13:32:20', NULL),
(95172429, '7292133A', '$2y$10$76DGQCi05dRaTGTELPB/.eN5yUKi0Cqwau4UmU3Ww7yXK3gc.ZD7G', 'BUDI.ARWIN@PLN.CO.ID', 'BUDI ARWIN ZUCHRY', 2, 12, 12126, NULL, 1, 107, NULL, '0', NULL, NULL, NULL, NULL, NULL, '0000-00-00 00:00:00', '2021-07-18 13:09:18', NULL),
(95172430, '7292139A', '$2y$10$76DGQCi05dRaTGTELPB/.eN5yUKi0Cqwau4UmU3Ww7yXK3gc.ZD7G', 'MARTIN.D.SITEPU@PLN.CO.ID', 'MARTIN DINATA SITEPU', 2, 12, 12126, NULL, 1, 107, NULL, '0', NULL, NULL, NULL, NULL, NULL, '0000-00-00 00:00:00', '2021-07-18 13:09:18', NULL),
(95172431, '8509101A', '$2y$10$76DGQCi05dRaTGTELPB/.eN5yUKi0Cqwau4UmU3Ww7yXK3gc.ZD7G', 'FRANCISKUS.ROBINSAR@PLN.CO.ID', 'FRANCISKUS ROBINSAR', 2, 12, 12126, 12617, 1, 107, 10707, '0', NULL, NULL, NULL, NULL, NULL, '0000-00-00 00:00:00', '2021-07-19 13:52:46', NULL),
(95172432, '8609072A', '$2y$10$76DGQCi05dRaTGTELPB/.eN5yUKi0Cqwau4UmU3Ww7yXK3gc.ZD7G', 'DEDI.AHMAD@PLN.CO.ID', 'DEDI AHMAD', 2, 12, 12126, 12615, 1, 107, 10706, '0', NULL, NULL, NULL, NULL, NULL, '0000-00-00 00:00:00', '2021-07-19 13:52:10', NULL),
(95172433, '9110074A', '$2y$10$76DGQCi05dRaTGTELPB/.eN5yUKi0Cqwau4UmU3Ww7yXK3gc.ZD7G', 'EDOLIN.SIMBOLON@PLN.CO.ID', 'EDOLIN SIMBOLON', 2, 12, 12126, 12613, 1, 107, 10703, '0', NULL, NULL, NULL, NULL, NULL, '0000-00-00 00:00:00', '2021-07-19 13:47:01', NULL),
(95172434, '9110075A', '$2y$10$76DGQCi05dRaTGTELPB/.eN5yUKi0Cqwau4UmU3Ww7yXK3gc.ZD7G', 'RAHMAT.SIHOMBING@PLN.CO.ID', 'RAHMAT SIHOMBING', 2, 12, 12126, 12610, 1, 107, 10705, '0', NULL, NULL, NULL, NULL, NULL, '0000-00-00 00:00:00', '2021-07-19 13:47:58', NULL),
(95172435, '9215575ZY', '$2y$10$76DGQCi05dRaTGTELPB/.eN5yUKi0Cqwau4UmU3Ww7yXK3gc.ZD7G', 'AYU.NOVITASARI@PLN.CO.ID', 'AYU NOVITA SARI', 2, 12, 12126, 12616, 1, 107, 10704, '0', NULL, NULL, NULL, NULL, NULL, '0000-00-00 00:00:00', '2021-07-19 13:47:33', NULL),
(95172436, '9215877ZY', '$2y$10$76DGQCi05dRaTGTELPB/.eN5yUKi0Cqwau4UmU3Ww7yXK3gc.ZD7G', 'PRATIWI.DWI.RETNO@PLN.CO.ID', 'PRATIWI DWI RETNOSARI', 2, 12, 12126, 12612, 1, 107, 10701, '0', NULL, NULL, NULL, NULL, NULL, '0000-00-00 00:00:00', '2021-07-19 13:42:41', NULL),
(95172437, '93162825ZY', '$2y$10$76DGQCi05dRaTGTELPB/.eN5yUKi0Cqwau4UmU3Ww7yXK3gc.ZD7G', 'ADELIAMS93@PLN.CO.ID', 'ADELIA MAYANG SARI', 2, 12, 12126, 12614, 1, 107, 10702, '0', NULL, NULL, NULL, NULL, NULL, '0000-00-00 00:00:00', '2021-07-19 13:43:15', NULL),
(95172438, '9115183ZY', '$2y$10$76DGQCi05dRaTGTELPB/.eN5yUKi0Cqwau4UmU3Ww7yXK3gc.ZD7G', 'RANGGA.ANANTA.W@PLN.CO.ID', 'RANGGA ANANTA WIKRAMA', 2, 12, 12126, NULL, 1, 107, NULL, '0', NULL, NULL, NULL, NULL, NULL, '0000-00-00 00:00:00', '2021-07-18 13:09:18', NULL),
(95172439, '6690157A', '$2y$10$76DGQCi05dRaTGTELPB/.eN5yUKi0Cqwau4UmU3Ww7yXK3gc.ZD7G', 'ERSUANDA.NASUTION@PLN.CO.ID', 'ERSUANDA NASUTION', 2, 12, 12126, 12617, 1, 107, 10707, '0', NULL, NULL, NULL, NULL, NULL, '0000-00-00 00:00:00', '2021-07-19 13:52:46', NULL),
(95172440, '8408005A', '$2y$10$76DGQCi05dRaTGTELPB/.eN5yUKi0Cqwau4UmU3Ww7yXK3gc.ZD7G', 'ZACKI.H.SIREGAR@PLN.CO.ID', 'ZAKI HILMAN SIREGAR', 2, 12, 12126, 12610, 1, 107, 10705, '0', NULL, NULL, NULL, NULL, NULL, '0000-00-00 00:00:00', '2021-07-19 13:47:58', NULL),
(95172441, '8609106A', '$2y$10$76DGQCi05dRaTGTELPB/.eN5yUKi0Cqwau4UmU3Ww7yXK3gc.ZD7G', 'JUDSIAHAAN@PLN.CO.ID', 'ALEX JUDA SIAHAAN', 2, 12, 12126, 12613, 1, 107, 10703, '0', NULL, NULL, NULL, NULL, NULL, '0000-00-00 00:00:00', '2021-07-19 13:47:01', NULL),
(95172442, '8610054A', '$2y$10$76DGQCi05dRaTGTELPB/.eN5yUKi0Cqwau4UmU3Ww7yXK3gc.ZD7G', 'SUMITRO.KURNIAWAN@PLN.CO.ID', 'SUMITRO KURNIAWAN PASARIBU', 2, 12, 12126, 12615, 1, 107, 10706, '0', NULL, NULL, NULL, NULL, NULL, '0000-00-00 00:00:00', '2021-07-19 13:52:10', NULL),
(95172443, '90162968ZY', '$2y$10$76DGQCi05dRaTGTELPB/.eN5yUKi0Cqwau4UmU3Ww7yXK3gc.ZD7G', 'IRHAM.RAHANDY@PLN.CO.ID', 'IRHAM RAHANDI', 2, 12, 12126, 12614, 1, 107, 10702, '0', NULL, NULL, NULL, NULL, NULL, '0000-00-00 00:00:00', '2021-07-19 13:43:15', NULL),
(95172444, '91163057ZY', '$2y$10$76DGQCi05dRaTGTELPB/.eN5yUKi0Cqwau4UmU3Ww7yXK3gc.ZD7G', 'INGRIDTOBING@PLN.CO.ID', 'INGRID SONIA TIORISMA LUMBANTOBING', 2, 12, 12126, 12612, 1, 107, 10701, '0', NULL, NULL, NULL, NULL, NULL, '0000-00-00 00:00:00', '2021-07-19 13:42:41', NULL),
(95172445, '9014524ZY', '$2y$10$76DGQCi05dRaTGTELPB/.eN5yUKi0Cqwau4UmU3Ww7yXK3gc.ZD7G', 'ARNOL.SINAGA@PLN.CO.ID', 'ARNOL SINAGA', 2, 12, 12126, 12615, 1, 107, 10706, '0', NULL, NULL, NULL, NULL, NULL, '0000-00-00 00:00:00', '2021-07-19 13:52:10', NULL),
(95172446, '92141080ZY', '$2y$10$76DGQCi05dRaTGTELPB/.eN5yUKi0Cqwau4UmU3Ww7yXK3gc.ZD7G', 'MIRABBANI@PLN.CO.ID', 'MUHAMMAD IBNU RABBANI', 2, 12, 12126, 12617, 1, 107, 10707, '0', NULL, NULL, NULL, NULL, NULL, '0000-00-00 00:00:00', '2021-07-19 13:52:46', NULL),
(95172447, '9110068A', '$2y$10$76DGQCi05dRaTGTELPB/.eN5yUKi0Cqwau4UmU3Ww7yXK3gc.ZD7G', 'DEDY.EVANDRY@PLN.CO.ID', 'DEDY EVANDRY BANGUN', 2, 12, 12126, 12612, 1, 107, 10701, '0', NULL, NULL, NULL, NULL, NULL, '0000-00-00 00:00:00', '2021-07-19 13:42:41', NULL),
(95172448, '6585100P', '$2y$10$76DGQCi05dRaTGTELPB/.eN5yUKi0Cqwau4UmU3Ww7yXK3gc.ZD7G', 'ERFI@PLN.CO.ID', 'E R F I', 2, 12, 12126, 12610, 1, 107, 10705, '0', NULL, NULL, NULL, NULL, NULL, '0000-00-00 00:00:00', '2021-07-19 13:47:58', NULL),
(95172449, '9114563ZY', '$2y$10$76DGQCi05dRaTGTELPB/.eN5yUKi0Cqwau4UmU3Ww7yXK3gc.ZD7G', 'NATHAN.SAPUTRA@PLN.CO.ID', 'NATHAN SAPUTRA SITOHANG', 2, 12, 12126, 12614, 1, 107, 10702, '0', NULL, NULL, NULL, NULL, NULL, '0000-00-00 00:00:00', '2021-07-19 13:43:15', NULL),
(95172450, '6792087A', '$2y$10$76DGQCi05dRaTGTELPB/.eN5yUKi0Cqwau4UmU3Ww7yXK3gc.ZD7G', 'CHARLES.GULTOM@PLN.CO.ID', 'CHARLES GULTOM', 2, 12, 12126, 12616, 1, 107, 10704, '0', NULL, NULL, NULL, NULL, NULL, '0000-00-00 00:00:00', '2021-07-19 13:47:33', NULL),
(95172451, '8509093A', '$2y$10$76DGQCi05dRaTGTELPB/.eN5yUKi0Cqwau4UmU3Ww7yXK3gc.ZD7G', 'SYAURI.ERFANSYAH@PLN.CO.ID', 'SYAURI ERFANSYAH DJAUHARI', 2, 12, 12126, 12613, 1, 107, 10703, '0', NULL, NULL, NULL, NULL, NULL, '0000-00-00 00:00:00', '2021-07-19 13:47:01', NULL),
(95172452, '8206022A', '$2y$10$76DGQCi05dRaTGTELPB/.eN5yUKi0Cqwau4UmU3Ww7yXK3gc.ZD7G', 'JONRA.F.GIRSANG@PLN.CO.ID', 'JONRA FRESTON GIRSANG', 2, 12, 12120, NULL, 1, 103, NULL, '0', NULL, NULL, NULL, NULL, NULL, '0000-00-00 00:00:00', '2021-07-18 13:05:27', NULL),
(95172453, '8509040A', '$2y$10$76DGQCi05dRaTGTELPB/.eN5yUKi0Cqwau4UmU3Ww7yXK3gc.ZD7G', 'IRWANSYAH.PANJAITAN@PLN.CO.ID', 'IRWANSYAH PUTRA PANJAITAN', 2, 12, 12120, NULL, 1, 103, NULL, '0', NULL, NULL, NULL, NULL, NULL, '0000-00-00 00:00:00', '2021-07-18 13:05:27', NULL),
(95172454, '8508037A', '$2y$10$76DGQCi05dRaTGTELPB/.eN5yUKi0Cqwau4UmU3Ww7yXK3gc.ZD7G', 'FADLI.SIMATUPANG@PLN.CO.ID', 'FADLI SIMATUPANG', 2, 12, 12120, 12012, 1, 103, 10302, '0', NULL, NULL, NULL, NULL, NULL, '0000-00-00 00:00:00', '2021-07-18 13:14:08', NULL),
(95172455, '8509046A', '$2y$10$76DGQCi05dRaTGTELPB/.eN5yUKi0Cqwau4UmU3Ww7yXK3gc.ZD7G', 'ANGGA.PULUNGAN@PLN.CO.ID', 'ANGGA NUGRAHA PULUNGAN', 2, 12, 12120, 12002, 1, 103, 10303, '0', NULL, NULL, NULL, NULL, NULL, '0000-00-00 00:00:00', '2021-07-18 13:16:25', NULL),
(95172456, '87111721Z', '$2y$10$76DGQCi05dRaTGTELPB/.eN5yUKi0Cqwau4UmU3Ww7yXK3gc.ZD7G', 'FRIYATNA.PRABOWO@PLN.CO.ID', 'FRIYATNA YUDHI PRABOWO, A,MD', 2, 12, 12120, 12014, 1, 103, 10305, '0', NULL, NULL, NULL, NULL, NULL, '0000-00-00 00:00:00', '2021-07-18 13:17:10', NULL),
(95172457, '8915045ZY', '$2y$10$76DGQCi05dRaTGTELPB/.eN5yUKi0Cqwau4UmU3Ww7yXK3gc.ZD7G', 'AHSIN.HARIRI@PLN.CO.ID', 'AHSIN HARIRI', 2, 12, 12120, 12003, 1, 103, 10304, '0', NULL, NULL, NULL, NULL, NULL, '0000-00-00 00:00:00', '2021-07-18 13:16:51', NULL),
(95172458, '9015385ZY', '$2y$10$76DGQCi05dRaTGTELPB/.eN5yUKi0Cqwau4UmU3Ww7yXK3gc.ZD7G', 'TAUFIKHIDAYAT2@PLN.CO.ID', 'TAUFIK HIDAYAT', 2, 12, 12120, 12001, 1, 103, 10301, '1', NULL, NULL, NULL, NULL, NULL, '0000-00-00 00:00:00', '2021-07-18 13:21:23', NULL),
(95172459, '8810087A', '$2y$10$76DGQCi05dRaTGTELPB/.eN5yUKi0Cqwau4UmU3Ww7yXK3gc.ZD7G', 'DONI.ANGGIAT@PLN.CO.ID', 'DONI ANGGIAT V.P. SITUMORANG', 2, 12, 12120, NULL, 1, 103, NULL, '0', NULL, NULL, NULL, NULL, NULL, '0000-00-00 00:00:00', '2021-07-18 13:05:27', NULL),
(95172460, '8304052A', '$2y$10$76DGQCi05dRaTGTELPB/.eN5yUKi0Cqwau4UmU3Ww7yXK3gc.ZD7G', 'ANDINA.VIRYANDINI@PLN.CO.ID', 'ANDINA VIRYANDINI', 2, 12, 12120, 12001, 1, 103, 10301, '0', NULL, NULL, NULL, NULL, NULL, '0000-00-00 00:00:00', '2021-07-18 13:13:50', NULL),
(95172461, '8404069A', '$2y$10$76DGQCi05dRaTGTELPB/.eN5yUKi0Cqwau4UmU3Ww7yXK3gc.ZD7G', 'JULIANA.T.PURBA@PLN.CO.ID', 'JULIANA TIURIDA PURBA', 2, 12, 12120, 12014, 1, 103, 10305, '0', NULL, NULL, NULL, NULL, NULL, '0000-00-00 00:00:00', '2021-07-18 13:17:10', NULL),
(95172462, '8912706ZY', '$2y$10$76DGQCi05dRaTGTELPB/.eN5yUKi0Cqwau4UmU3Ww7yXK3gc.ZD7G', 'FIRMAN.NANDA@PLN.CO.ID', 'FIRMAN NANDA', 2, 12, 12120, 12012, 1, 103, 10302, '0', NULL, NULL, NULL, NULL, NULL, '0000-00-00 00:00:00', '2021-07-18 13:14:08', NULL),
(95172463, '8915335ZY', '$2y$10$76DGQCi05dRaTGTELPB/.eN5yUKi0Cqwau4UmU3Ww7yXK3gc.ZD7G', 'PRAYUGA.PUTRA@PLN.CO.ID', 'PRAYUGA PUTRA', 2, 12, 12120, 12002, 1, 103, 10303, '0', NULL, NULL, NULL, NULL, NULL, '0000-00-00 00:00:00', '2021-07-18 13:16:25', NULL),
(95172464, '94162104ZY', '$2y$10$76DGQCi05dRaTGTELPB/.eN5yUKi0Cqwau4UmU3Ww7yXK3gc.ZD7G', 'LAMTIURSINAGA@PLN.CO.ID', 'LAMTIUR SINAGA', 2, 12, 12120, 12003, 1, 103, 10304, '0', NULL, NULL, NULL, NULL, NULL, '0000-00-00 00:00:00', '2021-07-18 13:16:51', NULL),
(95172465, '7404008A', '$2y$10$76DGQCi05dRaTGTELPB/.eN5yUKi0Cqwau4UmU3Ww7yXK3gc.ZD7G', 'UMAR.ATMAJA@PLN.CO.ID', 'UMAR ATMAJA', 2, 12, 12120, 12014, 1, 103, 10305, '0', NULL, NULL, NULL, NULL, NULL, '0000-00-00 00:00:00', '2021-07-18 13:17:10', NULL),
(95172466, '6792090A', '$2y$10$76DGQCi05dRaTGTELPB/.eN5yUKi0Cqwau4UmU3Ww7yXK3gc.ZD7G', 'ABDI.MUJONO@PLN.CO.ID', 'ABDI MUGIONO', 2, 12, 12120, 12002, 1, 103, 10303, '0', NULL, NULL, NULL, NULL, NULL, '0000-00-00 00:00:00', '2021-07-18 13:16:25', NULL),
(95172467, '7704017A', '$2y$10$76DGQCi05dRaTGTELPB/.eN5yUKi0Cqwau4UmU3Ww7yXK3gc.ZD7G', 'OKTAVO.PRIA@PLN.CO.ID', 'OKTAVO PRIA SAKTI NAIBAHO', 2, 12, 12120, 12001, 1, 103, 10301, '0', NULL, NULL, NULL, NULL, NULL, '0000-00-00 00:00:00', '2021-07-18 13:13:50', NULL),
(95172468, '7604013A', '$2y$10$76DGQCi05dRaTGTELPB/.eN5yUKi0Cqwau4UmU3Ww7yXK3gc.ZD7G', 'HASAN.A.SITUMEANG@PLN.CO.ID', 'HASAN AS\'ARI SITUMEANG', 2, 12, 12120, 12003, 1, 103, 10304, '0', NULL, NULL, NULL, NULL, NULL, '0000-00-00 00:00:00', '2021-07-18 13:16:51', NULL),
(95172469, '8509030A', '$2y$10$76DGQCi05dRaTGTELPB/.eN5yUKi0Cqwau4UmU3Ww7yXK3gc.ZD7G', 'TRI.RAHAYU@PLN.CO.ID', 'TRI RAHAYU', 2, 12, 12120, 12012, 1, 103, 10302, '0', NULL, NULL, NULL, NULL, NULL, '0000-00-00 00:00:00', '2021-07-18 13:14:08', NULL),
(95172470, '8204036A', '$2y$10$76DGQCi05dRaTGTELPB/.eN5yUKi0Cqwau4UmU3Ww7yXK3gc.ZD7G', 'YASMIR.LUKMAN@PLN.CO.ID', 'YASMIR LUKMAN', 2, 12, 12128, NULL, 1, 104, NULL, '0', NULL, NULL, NULL, NULL, NULL, '0000-00-00 00:00:00', '2021-07-18 13:06:03', NULL),
(95172471, '8810743Z', '$2y$10$76DGQCi05dRaTGTELPB/.eN5yUKi0Cqwau4UmU3Ww7yXK3gc.ZD7G', 'AZAM.ZULMI@PLN.CO.ID', 'AZAM ZULMI AGUSTI NURO', 2, 12, 12128, NULL, 1, 104, NULL, '0', NULL, NULL, NULL, NULL, NULL, '0000-00-00 00:00:00', '2021-07-18 13:06:03', NULL),
(95172472, '8712609ZY', '$2y$10$76DGQCi05dRaTGTELPB/.eN5yUKi0Cqwau4UmU3Ww7yXK3gc.ZD7G', 'TAUFIK.RIKARDIAN@PLN.CO.ID', 'MUHAMAD TAUFIK RIKARDIAN', 2, 12, 12128, 12802, 1, 104, 10401, '0', NULL, NULL, NULL, NULL, NULL, '0000-00-00 00:00:00', '2021-07-18 13:17:29', NULL),
(95172473, '90112396Z', '$2y$10$76DGQCi05dRaTGTELPB/.eN5yUKi0Cqwau4UmU3Ww7yXK3gc.ZD7G', 'KARSA.NOVA@PLN.CO.ID', 'KARSA NOVA SINAGA', 2, 12, 12128, 12803, 1, 104, 10402, '0', NULL, NULL, NULL, NULL, NULL, '0000-00-00 00:00:00', '2021-07-18 13:17:41', NULL),
(95172474, '92163654ZY', '$2y$10$76DGQCi05dRaTGTELPB/.eN5yUKi0Cqwau4UmU3Ww7yXK3gc.ZD7G', 'ARDINICITRA@PLN.CO.ID', 'CITRA ARDINI', 2, 12, 12128, 12804, 1, 104, 10404, '0', NULL, NULL, NULL, NULL, NULL, '0000-00-00 00:00:00', '2021-07-18 13:18:55', NULL),
(95172475, '9518990ZY', '$2y$10$76DGQCi05dRaTGTELPB/.eN5yUKi0Cqwau4UmU3Ww7yXK3gc.ZD7G', 'YOKI.RIJAL@PLN.CO.ID', 'YOKI RIJAL FAUZI', 2, 12, 12128, 12801, 1, 104, 10403, '0', NULL, NULL, NULL, NULL, NULL, '0000-00-00 00:00:00', '2021-07-18 13:17:58', NULL),
(95172476, '8406029A', '$2y$10$76DGQCi05dRaTGTELPB/.eN5yUKi0Cqwau4UmU3Ww7yXK3gc.ZD7G', 'NURSHABRI.ILYAS@PLN.CO.ID', 'NURSHABRI ILYAS', 2, 12, 12128, NULL, 1, 104, NULL, '0', NULL, NULL, NULL, NULL, NULL, '0000-00-00 00:00:00', '2021-07-18 13:06:03', NULL),
(95172477, '8204041A', '$2y$10$76DGQCi05dRaTGTELPB/.eN5yUKi0Cqwau4UmU3Ww7yXK3gc.ZD7G', 'LARISMA.SITANGGANG@PLN.CO.ID', 'LARISMA R. L. SITANGGANG', 2, 12, 12128, 12802, 1, 104, 10401, '0', NULL, NULL, NULL, NULL, NULL, '0000-00-00 00:00:00', '2021-07-18 13:17:29', NULL),
(95172478, '8610053A', '$2y$10$76DGQCi05dRaTGTELPB/.eN5yUKi0Cqwau4UmU3Ww7yXK3gc.ZD7G', 'YUDHISTIRA.SUMUT@PLN.CO.ID', 'YUDHISTIRA', 2, 12, 12128, 12801, 1, 104, 10403, '0', NULL, NULL, NULL, NULL, NULL, '0000-00-00 00:00:00', '2021-07-18 13:17:58', NULL),
(95172479, '88111155Z', '$2y$10$76DGQCi05dRaTGTELPB/.eN5yUKi0Cqwau4UmU3Ww7yXK3gc.ZD7G', 'KIKI.NS@PLN.CO.ID', 'KIKI NOVIANTY SURYA', 2, 12, 12128, 12803, 1, 104, 10402, '0', NULL, NULL, NULL, NULL, NULL, '0000-00-00 00:00:00', '2021-07-18 13:17:41', NULL),
(95172480, '91163036ZY', '$2y$10$76DGQCi05dRaTGTELPB/.eN5yUKi0Cqwau4UmU3Ww7yXK3gc.ZD7G', 'AFRIRA.SYUHANA@PLN.CO.ID', 'AFRIRA SYUHANA', 2, 12, 12128, 12804, 1, 104, 10404, '0', NULL, NULL, NULL, NULL, NULL, '0000-00-00 00:00:00', '2021-07-18 13:18:55', NULL),
(95172481, '8509049A', '$2y$10$76DGQCi05dRaTGTELPB/.eN5yUKi0Cqwau4UmU3Ww7yXK3gc.ZD7G', 'HOLMES.HUTAPEA@PLN.CO.ID', 'HOLMES HUTAPEA', 2, 12, 12128, 12802, 1, 104, 10401, '0', NULL, NULL, NULL, NULL, NULL, '0000-00-00 00:00:00', '2021-07-18 13:17:29', NULL),
(95172482, '89151104ZY', '$2y$10$76DGQCi05dRaTGTELPB/.eN5yUKi0Cqwau4UmU3Ww7yXK3gc.ZD7G', 'ADNANASHARI@PLN.CO.ID', 'ADNAN ASHARI', 2, 12, 12128, 12803, 1, 104, 10402, '0', NULL, NULL, NULL, NULL, NULL, '0000-00-00 00:00:00', '2021-07-18 13:17:41', NULL),
(95172483, '9215249ZY', '$2y$10$76DGQCi05dRaTGTELPB/.eN5yUKi0Cqwau4UmU3Ww7yXK3gc.ZD7G', 'GALUH.WAHYUNINGTYAS@PLN.CO.ID', 'GALUH PUTRI WAHYUNINGTYAS', 2, 12, 12128, 12804, 1, 104, 10404, '0', NULL, NULL, NULL, NULL, NULL, '0000-00-00 00:00:00', '2021-07-18 13:18:55', NULL),
(95172484, '8609066A', '$2y$10$76DGQCi05dRaTGTELPB/.eN5yUKi0Cqwau4UmU3Ww7yXK3gc.ZD7G', 'DEDI.SUKMA@PLN.CO.ID', 'DEDI SUKMA', 2, 12, 12128, 12801, 1, 104, 10403, '0', NULL, NULL, NULL, NULL, NULL, '0000-00-00 00:00:00', '2021-07-18 13:17:58', NULL),
(95172485, '8408007A', '$2y$10$76DGQCi05dRaTGTELPB/.eN5yUKi0Cqwau4UmU3Ww7yXK3gc.ZD7G', 'TOPAN.RICHARDO@PLN.CO.ID', 'TOPAN RICHARDO', 2, 12, 12127, NULL, 1, 112, NULL, '0', NULL, NULL, NULL, NULL, NULL, '0000-00-00 00:00:00', '2021-07-18 13:11:14', NULL),
(95172486, '8509091A', '$2y$10$76DGQCi05dRaTGTELPB/.eN5yUKi0Cqwau4UmU3Ww7yXK3gc.ZD7G', 'ANDI.IRAWAN@PLN.CO.ID', 'ANDI IRAWAN', 2, 12, 12127, NULL, 1, 112, NULL, '0', NULL, NULL, NULL, NULL, NULL, '0000-00-00 00:00:00', '2021-07-18 13:11:14', NULL),
(95172487, '7704015A', '$2y$10$76DGQCi05dRaTGTELPB/.eN5yUKi0Cqwau4UmU3Ww7yXK3gc.ZD7G', 'TIMBUL.NAPITUPULU@PLN.CO.ID', 'TIMBUL NAPITUPULU', 2, 12, 12127, 12711, 1, 112, 11202, '0', NULL, NULL, NULL, NULL, NULL, '0000-00-00 00:00:00', '2021-07-19 14:15:48', NULL),
(95172488, '91173944ZY', '$2y$10$76DGQCi05dRaTGTELPB/.eN5yUKi0Cqwau4UmU3Ww7yXK3gc.ZD7G', 'BINSAR.SANDI@PLN.CO.ID', 'BINSAR DANIEL SANDI', 2, 12, 12127, NULL, 1, 112, 0, '0', NULL, NULL, NULL, NULL, NULL, '0000-00-00 00:00:00', '2021-07-18 13:11:14', NULL),
(95172489, '93163778ZY', '$2y$10$76DGQCi05dRaTGTELPB/.eN5yUKi0Cqwau4UmU3Ww7yXK3gc.ZD7G', 'MAYYUDI.HASAN@PLN.CO.ID', 'MAYYUDI ABDUL HASAN', 2, 12, 12127, 12712, 1, 112, 11203, '0', NULL, NULL, NULL, NULL, NULL, '0000-00-00 00:00:00', '2021-07-19 14:16:07', NULL),
(95172490, '93161838ZY', '$2y$10$76DGQCi05dRaTGTELPB/.eN5yUKi0Cqwau4UmU3Ww7yXK3gc.ZD7G', 'WANDRA.WILSU@PLN.CO.ID', 'WANDRA', 2, 12, 12127, NULL, 1, 112, NULL, '0', NULL, NULL, NULL, NULL, NULL, '0000-00-00 00:00:00', '2021-07-18 13:11:14', NULL),
(95172491, '90162988ZY', '$2y$10$76DGQCi05dRaTGTELPB/.eN5yUKi0Cqwau4UmU3Ww7yXK3gc.ZD7G', 'AGAM.KHALILULLAH@PLN.CO.ID', 'AGAM KHALILULLAH', 2, 12, 12127, 12712, 1, 112, 11203, '0', NULL, NULL, NULL, NULL, NULL, '0000-00-00 00:00:00', '2021-07-19 14:16:07', NULL),
(95172492, '94172116ZY', '$2y$10$76DGQCi05dRaTGTELPB/.eN5yUKi0Cqwau4UmU3Ww7yXK3gc.ZD7G', 'ASBIMS@PLN.CO.ID', 'ASBI MUHAMMAD SARLI', 2, 12, 12127, NULL, 1, 112, 0, '0', NULL, NULL, NULL, NULL, NULL, '0000-00-00 00:00:00', '2021-07-18 13:11:14', NULL),
(95172493, '9518172ZY', '$2y$10$76DGQCi05dRaTGTELPB/.eN5yUKi0Cqwau4UmU3Ww7yXK3gc.ZD7G', 'LIONG.JP.SITORUS@PLN.CO.ID', 'LIONG JHON PUTRA SITORUS', 2, 12, 12127, 12711, 1, 112, 11202, '0', NULL, NULL, NULL, NULL, NULL, '0000-00-00 00:00:00', '2021-07-19 14:15:48', NULL),
(95172494, '92141029ZY', '$2y$10$76DGQCi05dRaTGTELPB/.eN5yUKi0Cqwau4UmU3Ww7yXK3gc.ZD7G', 'DAVIDMICHAEL@PLN.CO.ID', 'DAVID MICHAEL SILVESTER', 2, 12, 12127, NULL, 1, 112, 0, '0', NULL, NULL, NULL, NULL, NULL, '0000-00-00 00:00:00', '2021-07-18 13:11:14', NULL),
(95172495, '9214764ZY', '$2y$10$76DGQCi05dRaTGTELPB/.eN5yUKi0Cqwau4UmU3Ww7yXK3gc.ZD7G', 'ANDREAS.FRANS@PLN.CO.ID', 'ANDREAS FRANS HELDIANSYAH HALOMOAN', 2, 12, 12127, 12712, 1, 112, 11203, '0', NULL, NULL, NULL, NULL, NULL, '0000-00-00 00:00:00', '2021-07-19 14:16:07', NULL),
(95172496, '8409018A', '$2y$10$76DGQCi05dRaTGTELPB/.eN5yUKi0Cqwau4UmU3Ww7yXK3gc.ZD7G', 'SUHARDI.PLN@PLN.CO.ID', 'SUHARDI', 2, 12, 12127, 12711, 1, 112, 11202, '0', NULL, NULL, NULL, NULL, NULL, '0000-00-00 00:00:00', '2021-07-19 14:15:48', NULL),
(95172497, '8304055A', '$2y$10$76DGQCi05dRaTGTELPB/.eN5yUKi0Cqwau4UmU3Ww7yXK3gc.ZD7G', 'RENDI.SIANIPAR@PLN.CO.ID', 'RENDI SIANIPAR', 2, 12, 12124, NULL, 1, 111, NULL, '0', NULL, NULL, NULL, NULL, NULL, '0000-00-00 00:00:00', '2021-07-18 13:11:00', NULL),
(95172498, '8204025A', '$2y$10$76DGQCi05dRaTGTELPB/.eN5yUKi0Cqwau4UmU3Ww7yXK3gc.ZD7G', 'EDI.S.SIREGAR@PLN.CO.ID', 'EDI SALEH SIREGAR', 2, 12, 12124, NULL, 1, 111, NULL, '0', NULL, NULL, NULL, NULL, NULL, '0000-00-00 00:00:00', '2021-07-18 13:11:00', NULL),
(95172499, '8610033A', '$2y$10$76DGQCi05dRaTGTELPB/.eN5yUKi0Cqwau4UmU3Ww7yXK3gc.ZD7G', 'MORI.SARLIFO@PLN.CO.ID', 'MORI SARLIFO', 2, 12, 12124, 12415, 1, 111, 11106, '0', NULL, NULL, NULL, NULL, NULL, '0000-00-00 00:00:00', '2021-07-19 14:12:30', NULL),
(95172500, '8810009A', '$2y$10$76DGQCi05dRaTGTELPB/.eN5yUKi0Cqwau4UmU3Ww7yXK3gc.ZD7G', 'HAFIZ.ZURAHMAN@PLN.CO.ID', 'HAFIZ ZURAHMAN LUMBANTOBING', 2, 12, 12124, NULL, 1, 111, 0, '0', NULL, NULL, NULL, NULL, NULL, '0000-00-00 00:00:00', '2021-07-18 13:11:00', NULL),
(95172501, '9015370ZY', '$2y$10$76DGQCi05dRaTGTELPB/.eN5yUKi0Cqwau4UmU3Ww7yXK3gc.ZD7G', 'KHAIRIZVAN.EDWAR@PLN.CO.ID', 'KHAIRIZVAN EDWAR', 2, 12, 12124, 12412, 1, 111, 11103, '0', NULL, NULL, NULL, NULL, NULL, '0000-00-00 00:00:00', '2021-07-19 14:11:39', NULL),
(95172502, '9016074ZY', '$2y$10$76DGQCi05dRaTGTELPB/.eN5yUKi0Cqwau4UmU3Ww7yXK3gc.ZD7G', 'ANDI.ABDULRAHMAN@PLN.CO.ID', 'ANDI ABDUL RAHMAN', 2, 12, 12124, 12414, 1, 111, 11105, '0', NULL, NULL, NULL, NULL, NULL, '0000-00-00 00:00:00', '2021-07-19 14:12:20', NULL),
(95172503, '92162590ZY', '$2y$10$76DGQCi05dRaTGTELPB/.eN5yUKi0Cqwau4UmU3Ww7yXK3gc.ZD7G', 'SATRIO.WCSN@PLN.CO.ID', 'DWI SATRIO WICAKSONO', 2, 12, 12124, 12411, 1, 111, 11102, '0', NULL, NULL, NULL, NULL, NULL, '0000-00-00 00:00:00', '2021-07-19 14:11:13', NULL),
(95172504, '93151257ZY', '$2y$10$76DGQCi05dRaTGTELPB/.eN5yUKi0Cqwau4UmU3Ww7yXK3gc.ZD7G', 'PURWO.PRASETYO@PLN.CO.ID', 'PURWO PRASETYO CAHYADI', 2, 12, 12124, 12413, 1, 111, 11104, '0', NULL, NULL, NULL, NULL, NULL, '0000-00-00 00:00:00', '2021-07-19 14:12:03', NULL),
(95172505, '93151363ZY', '$2y$10$76DGQCi05dRaTGTELPB/.eN5yUKi0Cqwau4UmU3Ww7yXK3gc.ZD7G', 'ANDRI.CAHYA@PLN.CO.ID', 'ANDRI CAHYA SAPUTRA', 2, 12, 12124, 12401, 1, 111, 11107, '0', NULL, NULL, NULL, NULL, NULL, '0000-00-00 00:00:00', '2021-07-19 14:14:57', NULL),
(95172506, '8610022A', '$2y$10$76DGQCi05dRaTGTELPB/.eN5yUKi0Cqwau4UmU3Ww7yXK3gc.ZD7G', 'HAFID.ARDY@PLN.CO.ID', 'HAFID ARDY', 2, 12, 12124, NULL, 1, 111, NULL, '0', NULL, NULL, NULL, NULL, NULL, '0000-00-00 00:00:00', '2021-07-18 13:11:00', NULL),
(95172507, '8404063A', '$2y$10$76DGQCi05dRaTGTELPB/.eN5yUKi0Cqwau4UmU3Ww7yXK3gc.ZD7G', 'MATTA.T.YESSA@PLN.CO.ID', 'MATTA TANOPA YESSA', 2, 12, 12124, 12415, 1, 111, 11106, '0', NULL, NULL, NULL, NULL, NULL, '0000-00-00 00:00:00', '2021-07-19 14:12:30', NULL),
(95172508, '8610036A', '$2y$10$76DGQCi05dRaTGTELPB/.eN5yUKi0Cqwau4UmU3Ww7yXK3gc.ZD7G', 'KHOLIDIN.DUMALO@PLN.CO.ID', 'KHOLIDIN DUMALO', 2, 12, 12124, 12401, 1, 111, 11107, '0', NULL, NULL, NULL, NULL, NULL, '0000-00-00 00:00:00', '2021-07-19 14:14:57', NULL),
(95172509, '8710044A', '$2y$10$76DGQCi05dRaTGTELPB/.eN5yUKi0Cqwau4UmU3Ww7yXK3gc.ZD7G', 'AHMAD.FAIZAL@PLN.CO.ID', 'AHMAD FAIZAL MATONDANG', 2, 12, 12124, 12414, 1, 111, 11105, '0', NULL, NULL, NULL, NULL, NULL, '0000-00-00 00:00:00', '2021-07-19 14:12:20', NULL),
(95172510, '9117747ZY', '$2y$10$76DGQCi05dRaTGTELPB/.eN5yUKi0Cqwau4UmU3Ww7yXK3gc.ZD7G', 'ALFAJRINALDA@PLN.CO.ID', 'ALFAJRI NALDA', 2, 12, 12124, 12411, 1, 111, 11102, '0', NULL, NULL, NULL, NULL, NULL, '0000-00-00 00:00:00', '2021-07-19 14:11:13', NULL),
(95172511, '94161656ZY', '$2y$10$76DGQCi05dRaTGTELPB/.eN5yUKi0Cqwau4UmU3Ww7yXK3gc.ZD7G', 'ASTI.MERYANA@PLN.CO.ID', 'ASTI MERYANA', 2, 12, 12124, NULL, 1, 111, 0, '0', NULL, NULL, NULL, NULL, NULL, '0000-00-00 00:00:00', '2021-07-18 13:11:00', NULL),
(95172512, '94172117ZY', '$2y$10$76DGQCi05dRaTGTELPB/.eN5yUKi0Cqwau4UmU3Ww7yXK3gc.ZD7G', 'RAGILJAELANI@PLN.CO.ID', 'RAGIL JAELANI', 2, 12, 12124, 12412, 1, 111, 11103, '0', NULL, NULL, NULL, NULL, NULL, '0000-00-00 00:00:00', '2021-07-19 14:11:39', NULL),
(95172513, '9115172ZY', '$2y$10$76DGQCi05dRaTGTELPB/.eN5yUKi0Cqwau4UmU3Ww7yXK3gc.ZD7G', 'JULIAN.WIDYA@PLN.CO.ID', 'JULIAN WIDYA PERDANA', 2, 12, 12124, 12414, 1, 111, 11105, '0', NULL, NULL, NULL, NULL, NULL, '0000-00-00 00:00:00', '2021-07-19 14:12:20', NULL),
(95172514, '8915320ZY', '$2y$10$76DGQCi05dRaTGTELPB/.eN5yUKi0Cqwau4UmU3Ww7yXK3gc.ZD7G', 'IQBAL.RANGKUTI@PLN.CO.ID', 'M. IQ\'BAL', 2, 12, 12124, 12411, 1, 111, 11102, '0', NULL, NULL, NULL, NULL, NULL, '0000-00-00 00:00:00', '2021-07-19 14:11:13', NULL),
(95172515, '91151145ZY', '$2y$10$76DGQCi05dRaTGTELPB/.eN5yUKi0Cqwau4UmU3Ww7yXK3gc.ZD7G', 'RIDHOATMANEGARA@PLN.CO.ID', 'WAYU DWIAFRIDHO A', 2, 12, 12124, 12415, 1, 111, 11106, '0', NULL, NULL, NULL, NULL, NULL, '0000-00-00 00:00:00', '2021-07-19 14:12:30', NULL),
(95172516, '8610032A', '$2y$10$76DGQCi05dRaTGTELPB/.eN5yUKi0Cqwau4UmU3Ww7yXK3gc.ZD7G', 'HARDYANSYAH@PLN.CO.ID', 'HARDYANSYAH', 2, 12, 12124, NULL, 1, 111, 0, '0', NULL, NULL, NULL, NULL, NULL, '0000-00-00 00:00:00', '2021-07-18 13:11:00', NULL),
(95172517, '8204028A', '$2y$10$76DGQCi05dRaTGTELPB/.eN5yUKi0Cqwau4UmU3Ww7yXK3gc.ZD7G', 'ERWINSYAH.HARAHAP@PLN.CO.ID', 'ERWINSYAH HARAHAP', 2, 12, 12124, 12412, 1, 111, 11103, '0', NULL, NULL, NULL, NULL, NULL, '0000-00-00 00:00:00', '2021-07-19 14:11:39', NULL),
(95172518, '7494005A', '$2y$10$76DGQCi05dRaTGTELPB/.eN5yUKi0Cqwau4UmU3Ww7yXK3gc.ZD7G', 'DEPPIN.SH@PLN.CO.ID', 'DEPPIN SAMSURI HARAHAP', 2, 12, 12124, 12401, 1, 111, 11107, '0', NULL, NULL, NULL, NULL, NULL, '0000-00-00 00:00:00', '2021-07-19 14:14:57', NULL),
(95172519, '9116471ZY', '$2y$10$76DGQCi05dRaTGTELPB/.eN5yUKi0Cqwau4UmU3Ww7yXK3gc.ZD7G', 'REZA.HS@PLN.CO.ID', 'REZA HERYANTO SOLIKIN', 2, 12, 12124, 12413, 1, 111, 11104, '0', NULL, NULL, NULL, NULL, NULL, '0000-00-00 00:00:00', '2021-07-19 14:12:03', NULL),
(95172520, '8509043A', '$2y$10$76DGQCi05dRaTGTELPB/.eN5yUKi0Cqwau4UmU3Ww7yXK3gc.ZD7G', 'HERYANTO.SIBURIAN@PLN.CO.ID', 'HERYANTO SIBURIAN', 2, 12, 12121, NULL, 1, 108, NULL, '0', NULL, NULL, NULL, NULL, NULL, '0000-00-00 00:00:00', '2021-07-18 13:10:00', NULL),
(95172521, '8404070A', '$2y$10$76DGQCi05dRaTGTELPB/.eN5yUKi0Cqwau4UmU3Ww7yXK3gc.ZD7G', 'POSMA.J.SIHOMBING@PLN.CO.ID', 'POSMA JULYARTO SIHOMBING', 2, 12, 12121, NULL, 1, 108, NULL, '0', NULL, NULL, NULL, NULL, NULL, '0000-00-00 00:00:00', '2021-07-18 13:10:00', NULL),
(95172522, '8304057A', '$2y$10$76DGQCi05dRaTGTELPB/.eN5yUKi0Cqwau4UmU3Ww7yXK3gc.ZD7G', 'JIMMY.MAYEL@PLN.CO.ID', 'JIMMY MAYEL C.SITUMORANG', 2, 12, 12121, 12114, 1, 108, 10807, '0', NULL, NULL, NULL, NULL, NULL, '0000-00-00 00:00:00', '2021-07-19 13:56:14', NULL),
(95172523, '8910010A', '$2y$10$76DGQCi05dRaTGTELPB/.eN5yUKi0Cqwau4UmU3Ww7yXK3gc.ZD7G', 'NIKO.BONTOR@PLN.CO.ID', 'NIKO BONTOR SIMANULLANG', 2, 12, 12121, 12115, 1, 108, 10808, '0', NULL, NULL, NULL, NULL, NULL, '0000-00-00 00:00:00', '2021-07-19 13:56:35', NULL),
(95172524, '9115143ZY', '$2y$10$76DGQCi05dRaTGTELPB/.eN5yUKi0Cqwau4UmU3Ww7yXK3gc.ZD7G', 'EZA.ADWINRAAFII@PLN.CO.ID', 'EZA ADWIN RAAFI\'I', 2, 12, 12121, 12119, 1, 108, 10812, '0', NULL, NULL, NULL, NULL, NULL, '0000-00-00 00:00:00', '2021-07-19 13:58:09', NULL),
(95172525, '9117281ZY', '$2y$10$76DGQCi05dRaTGTELPB/.eN5yUKi0Cqwau4UmU3Ww7yXK3gc.ZD7G', 'AJITRIMULYANTO@PLN.CO.ID', 'AJI TRI MULYANTO', 2, 12, 12121, 12102, 1, 108, 10803, '0', NULL, NULL, NULL, NULL, NULL, '0000-00-00 00:00:00', '2021-07-19 13:54:40', NULL),
(95172526, '92151212ZY', '$2y$10$76DGQCi05dRaTGTELPB/.eN5yUKi0Cqwau4UmU3Ww7yXK3gc.ZD7G', 'AHMAD.THONTHOWI@PLN.CO.ID', 'AHMAD THONTHOWI', 2, 12, 12121, 12101, 1, 108, 10801, '0', NULL, NULL, NULL, NULL, NULL, '0000-00-00 00:00:00', '2021-07-19 13:53:19', NULL),
(95172527, '92151219ZY', '$2y$10$76DGQCi05dRaTGTELPB/.eN5yUKi0Cqwau4UmU3Ww7yXK3gc.ZD7G', 'IKOMANGS.BUDIASANA@PLN.CO.ID', 'I KOMANG SUDIADNYANA BUDIASANA', 2, 12, 12121, 12111, 1, 108, 10804, '0', NULL, NULL, NULL, NULL, NULL, '0000-00-00 00:00:00', '2021-07-19 13:55:04', NULL),
(95172528, '92151233ZY', '$2y$10$76DGQCi05dRaTGTELPB/.eN5yUKi0Cqwau4UmU3Ww7yXK3gc.ZD7G', 'AGAM.FRADISKA@PLN.CO.ID', 'FLESENSIUS AGAM FRADISKA', 2, 12, 12121, 12110, 1, 108, 10802, '0', NULL, NULL, NULL, NULL, NULL, '0000-00-00 00:00:00', '2021-07-19 13:53:52', NULL),
(95172529, '92161272ZY', '$2y$10$76DGQCi05dRaTGTELPB/.eN5yUKi0Cqwau4UmU3Ww7yXK3gc.ZD7G', 'SABDO.WIBOWO@PLN.CO.ID', 'SABDO WIBOWO', 2, 12, 12121, 12118, 1, 108, 10811, '0', NULL, NULL, NULL, NULL, NULL, '0000-00-00 00:00:00', '2021-07-19 13:57:45', NULL),
(95172530, '92171623ZY', '$2y$10$76DGQCi05dRaTGTELPB/.eN5yUKi0Cqwau4UmU3Ww7yXK3gc.ZD7G', 'ASTRI.SIMATUPANG@PLN.CO.ID', 'ASTRI FLOREN SIMATUPANG', 2, 12, 12121, 12113, 1, 108, 10806, '0', NULL, NULL, NULL, NULL, NULL, '0000-00-00 00:00:00', '2021-07-19 13:55:49', NULL),
(95172531, '9218170ZY', '$2y$10$76DGQCi05dRaTGTELPB/.eN5yUKi0Cqwau4UmU3Ww7yXK3gc.ZD7G', 'ACHMAD.NUGROHO@PLN.CO.ID', 'ACHMAD PUARIESTHAUFANI NUGROHO', 2, 12, 12121, 12117, 1, 108, 10810, '0', NULL, NULL, NULL, NULL, NULL, '0000-00-00 00:00:00', '2021-07-19 13:57:26', NULL),
(95172532, '94151074ZY', '$2y$10$76DGQCi05dRaTGTELPB/.eN5yUKi0Cqwau4UmU3Ww7yXK3gc.ZD7G', 'EVAN.JANSERNIDO@PLN.CO.ID', 'EVAN JANSERNIDO ERMIN', 2, 12, 12121, 12116, 1, 108, 10809, '0', NULL, NULL, NULL, NULL, NULL, '0000-00-00 00:00:00', '2021-07-19 13:56:59', NULL),
(95172533, '9417283ZY', '$2y$10$76DGQCi05dRaTGTELPB/.eN5yUKi0Cqwau4UmU3Ww7yXK3gc.ZD7G', 'BAHARUDINYUSUP@PLN.CO.ID', 'BAHARUDIN YUSUP', 2, 12, 12121, 12112, 1, 108, 10805, '0', NULL, NULL, NULL, NULL, NULL, '0000-00-00 00:00:00', '2021-07-19 13:55:25', NULL),
(95172534, '9115180ZY', '$2y$10$76DGQCi05dRaTGTELPB/.eN5yUKi0Cqwau4UmU3Ww7yXK3gc.ZD7G', 'RYAN.ZAENURIJAL@PLN.CO.ID', 'RYAN ZAENURIJAL', 2, 12, 12121, NULL, 1, 108, NULL, '0', NULL, NULL, NULL, NULL, NULL, '0000-00-00 00:00:00', '2021-07-18 13:10:00', NULL),
(95172535, '8508015A', '$2y$10$76DGQCi05dRaTGTELPB/.eN5yUKi0Cqwau4UmU3Ww7yXK3gc.ZD7G', 'JOHANNES.MANURUNG@PLN.CO.ID', 'JOHANNES RAPENUS MANURUNG', 2, 12, 12121, 12116, 1, 108, 10809, '0', NULL, NULL, NULL, NULL, NULL, '0000-00-00 00:00:00', '2021-07-19 13:56:59', NULL),
(95172536, '8509044A', '$2y$10$76DGQCi05dRaTGTELPB/.eN5yUKi0Cqwau4UmU3Ww7yXK3gc.ZD7G', 'RAMADAN@PLN.CO.ID', 'RAMADAN', 2, 12, 12121, 12114, 1, 108, 10807, '0', NULL, NULL, NULL, NULL, NULL, '0000-00-00 00:00:00', '2021-07-19 13:56:14', NULL),
(95172537, '8509050A', '$2y$10$76DGQCi05dRaTGTELPB/.eN5yUKi0Cqwau4UmU3Ww7yXK3gc.ZD7G', 'ROMINTO.MARPAUNG@PLN.CO.ID', 'ROMINTO MARPAUNG', 2, 12, 12121, 12112, 1, 108, 10805, '0', NULL, NULL, NULL, NULL, NULL, '0000-00-00 00:00:00', '2021-07-19 13:55:25', NULL),
(95172538, '88101053Z', '$2y$10$76DGQCi05dRaTGTELPB/.eN5yUKi0Cqwau4UmU3Ww7yXK3gc.ZD7G', 'MARTHA.RETNIATI@PLN.CO.ID', 'MARTHA RETNIATI', 2, 12, 12121, 12101, 1, 108, 10801, '0', NULL, NULL, NULL, NULL, NULL, '0000-00-00 00:00:00', '2021-07-19 13:53:19', NULL),
(95172539, '9010093A', '$2y$10$76DGQCi05dRaTGTELPB/.eN5yUKi0Cqwau4UmU3Ww7yXK3gc.ZD7G', 'DANU.LESMANA@PLN.CO.ID', 'DANU LESMANA', 2, 12, 12121, 12110, 1, 108, 10802, '0', NULL, NULL, NULL, NULL, NULL, '0000-00-00 00:00:00', '2021-07-19 13:53:52', NULL),
(95172540, '91162405ZY', '$2y$10$76DGQCi05dRaTGTELPB/.eN5yUKi0Cqwau4UmU3Ww7yXK3gc.ZD7G', 'RANDIERNANDO@PLN.CO.ID', 'MUHAMMAD RANDI ERNANDO', 2, 12, 12121, 12111, 1, 108, 10804, '0', NULL, NULL, NULL, NULL, NULL, '0000-00-00 00:00:00', '2021-07-19 13:55:04', NULL),
(95172541, '91162419ZY', '$2y$10$76DGQCi05dRaTGTELPB/.eN5yUKi0Cqwau4UmU3Ww7yXK3gc.ZD7G', 'PROBOBASKORO@PLN.CO.ID', 'BUYAN PROBO BASKORO', 2, 12, 12121, 12102, 1, 108, 10803, '0', NULL, NULL, NULL, NULL, NULL, '0000-00-00 00:00:00', '2021-07-19 13:54:40', NULL),
(95172542, '91171622ZY', '$2y$10$76DGQCi05dRaTGTELPB/.eN5yUKi0Cqwau4UmU3Ww7yXK3gc.ZD7G', 'CHRIS.DN@PLN.CO.ID', 'CHRIS DOUGLAS NABABAN', 2, 12, 12121, 12115, 1, 108, 10808, '0', NULL, NULL, NULL, NULL, NULL, '0000-00-00 00:00:00', '2021-07-19 13:56:35', NULL),
(95172543, '9216238ZY', '$2y$10$76DGQCi05dRaTGTELPB/.eN5yUKi0Cqwau4UmU3Ww7yXK3gc.ZD7G', 'THERESIA.HUTAGALUNG@PLN.CO.ID', 'THERESIA DIANA HUTAGALUNG', 2, 12, 12121, 12117, 1, 108, 10810, '0', NULL, NULL, NULL, NULL, NULL, '0000-00-00 00:00:00', '2021-07-19 13:57:26', NULL),
(95172544, '9316318ZY', '$2y$10$76DGQCi05dRaTGTELPB/.eN5yUKi0Cqwau4UmU3Ww7yXK3gc.ZD7G', 'RICKY.D.PANGGABEAN@PLN.CO.ID', 'RICKY DONOVAN', 2, 12, 12121, 12119, 1, 108, 10812, '0', NULL, NULL, NULL, NULL, NULL, '0000-00-00 00:00:00', '2021-07-19 13:58:09', NULL),
(95172545, '9517897ZY', '$2y$10$76DGQCi05dRaTGTELPB/.eN5yUKi0Cqwau4UmU3Ww7yXK3gc.ZD7G', 'FAIZATULM@PLN.CO.ID', 'FAIZATUL MA\'ARIFAH', 2, 12, 12121, 12113, 1, 108, 10806, '0', NULL, NULL, NULL, NULL, NULL, '0000-00-00 00:00:00', '2021-07-19 13:55:49', NULL),
(95172546, '7092201A', '$2y$10$76DGQCi05dRaTGTELPB/.eN5yUKi0Cqwau4UmU3Ww7yXK3gc.ZD7G', 'EDIWAN.PURBA@PLN.CO.ID', 'EDIWAN PURBA', 2, 12, 12121, 12119, 1, 108, 10812, '0', NULL, NULL, NULL, NULL, NULL, '0000-00-00 00:00:00', '2021-07-19 13:58:09', NULL),
(95172547, '9014698ZY', '$2y$10$76DGQCi05dRaTGTELPB/.eN5yUKi0Cqwau4UmU3Ww7yXK3gc.ZD7G', 'SUGENGWIDODO2@PLN.CO.ID', 'SUGENG WIDODO', 2, 12, 12121, 12116, 1, 108, 10809, '0', NULL, NULL, NULL, NULL, NULL, '0000-00-00 00:00:00', '2021-07-19 13:56:59', NULL),
(95172548, '6893003G', '$2y$10$76DGQCi05dRaTGTELPB/.eN5yUKi0Cqwau4UmU3Ww7yXK3gc.ZD7G', 'ROSIANA.HASIBUAN@PLN.CO.ID', 'ROSIANA HASIBUAN', 2, 12, 12121, 12111, 1, 108, 10804, '0', NULL, NULL, NULL, NULL, NULL, '0000-00-00 00:00:00', '2021-07-19 13:55:04', NULL),
(95172549, '87111213Z', '$2y$10$76DGQCi05dRaTGTELPB/.eN5yUKi0Cqwau4UmU3Ww7yXK3gc.ZD7G', 'FIKA.NAPITUPULU@PLN.CO.ID', 'FIKA AMELIA NAPITUPULU', 2, 12, 12121, 12102, 1, 108, 10803, '0', NULL, NULL, NULL, NULL, NULL, '0000-00-00 00:00:00', '2021-07-19 13:54:40', NULL),
(95172550, '8409002A', '$2y$10$76DGQCi05dRaTGTELPB/.eN5yUKi0Cqwau4UmU3Ww7yXK3gc.ZD7G', 'JANNO.ELVERI.MARBUN@PLN.CO.ID', 'JANNO ELVERI MARBUN', 2, 12, 12121, 12118, 1, 108, 10811, '0', NULL, NULL, NULL, NULL, NULL, '0000-00-00 00:00:00', '2021-07-19 13:57:45', NULL),
(95172551, '8914066ZY', '$2y$10$76DGQCi05dRaTGTELPB/.eN5yUKi0Cqwau4UmU3Ww7yXK3gc.ZD7G', 'DIO.PUTERA@PLN.CO.ID', 'DIO PUTERA HASIAN', 2, 12, 12121, 12113, 1, 108, 10806, '0', NULL, NULL, NULL, NULL, NULL, '0000-00-00 00:00:00', '2021-07-19 13:55:49', NULL),
(95172552, '91112449Z', '$2y$10$76DGQCi05dRaTGTELPB/.eN5yUKi0Cqwau4UmU3Ww7yXK3gc.ZD7G', 'JANUAR.ELANSA@PLN.CO.ID', 'JANUAR ELANSA TARIGAN', 2, 12, 12121, 12112, 1, 108, 10805, '0', NULL, NULL, NULL, NULL, NULL, '0000-00-00 00:00:00', '2021-07-19 13:55:25', NULL),
(95172553, '90112392Z', '$2y$10$76DGQCi05dRaTGTELPB/.eN5yUKi0Cqwau4UmU3Ww7yXK3gc.ZD7G', 'TOMMY.MARTIN@PLN.CO.ID', 'TOMMY MARTIN L. SARAGIH', 2, 12, 12121, 12101, 1, 108, 10801, '0', NULL, NULL, NULL, NULL, NULL, '0000-00-00 00:00:00', '2021-07-19 13:53:19', NULL),
(95172554, '8710047A', '$2y$10$76DGQCi05dRaTGTELPB/.eN5yUKi0Cqwau4UmU3Ww7yXK3gc.ZD7G', 'AGIL.RIZQAN@PLN.CO.ID', 'AGIL RIZQAN THARO', 2, 12, 12121, 12115, 1, 108, 10808, '0', NULL, NULL, NULL, NULL, NULL, '0000-00-00 00:00:00', '2021-07-19 13:56:35', NULL),
(95172555, '9014699ZY', '$2y$10$76DGQCi05dRaTGTELPB/.eN5yUKi0Cqwau4UmU3Ww7yXK3gc.ZD7G', 'ANDRI.WIJAKSONO@PLN.CO.ID', 'YOHANES ANDRI WIJAKSONO', 2, 12, 12121, 12117, 1, 108, 10810, '0', NULL, NULL, NULL, NULL, NULL, '0000-00-00 00:00:00', '2021-07-19 13:57:26', NULL),
(95172556, '9015089ZY', '$2y$10$76DGQCi05dRaTGTELPB/.eN5yUKi0Cqwau4UmU3Ww7yXK3gc.ZD7G', 'ROBBYSEPRIADI@PLN.CO.ID', 'ROBBY SEPRIADI', 2, 12, 12121, 12114, 1, 108, 10807, '0', NULL, NULL, NULL, NULL, NULL, '0000-00-00 00:00:00', '2021-07-19 13:56:14', NULL),
(95172557, '8408002A', '$2y$10$76DGQCi05dRaTGTELPB/.eN5yUKi0Cqwau4UmU3Ww7yXK3gc.ZD7G', 'LAMRIS.RAJAGUKGUK@PLN.CO.ID', 'LAMRIS RAJAGUKGUK', 2, 12, 12121, 12110, 1, 108, 10802, '0', NULL, NULL, NULL, NULL, NULL, '0000-00-00 00:00:00', '2021-07-19 13:53:52', NULL),
(95172558, '8408023A', '$2y$10$76DGQCi05dRaTGTELPB/.eN5yUKi0Cqwau4UmU3Ww7yXK3gc.ZD7G', 'ANDI.ARIANTO@PLN.CO.ID', 'ANDI ARIANTO', 2, 12, 12125, NULL, 1, 109, NULL, '0', NULL, NULL, NULL, NULL, NULL, '0000-00-00 00:00:00', '2021-07-18 13:10:27', NULL),
(95172559, '8815016ZY', '$2y$10$76DGQCi05dRaTGTELPB/.eN5yUKi0Cqwau4UmU3Ww7yXK3gc.ZD7G', 'HENDRI.TRIWIDODO@PLN.CO.ID', 'HENDRI TRIWIDODO', 2, 12, 12125, NULL, 1, 109, NULL, '0', NULL, NULL, NULL, NULL, NULL, '0000-00-00 00:00:00', '2021-07-18 13:10:27', NULL),
(95172560, '8509087A', '$2y$10$76DGQCi05dRaTGTELPB/.eN5yUKi0Cqwau4UmU3Ww7yXK3gc.ZD7G', 'ANTON.ARMAYADI@PLN.CO.ID', 'ANTON MEY BOY ARMAYADI', 2, 12, 12125, 12512, 1, 109, 10903, '0', NULL, NULL, NULL, NULL, NULL, '0000-00-00 00:00:00', '2021-07-19 14:02:23', NULL),
(95172561, '8610027A', '$2y$10$76DGQCi05dRaTGTELPB/.eN5yUKi0Cqwau4UmU3Ww7yXK3gc.ZD7G', 'MUHAMMAD.SARBAINI@PLN.CO.ID', 'MUHAMMAD SARBAINI', 2, 12, 12125, 12515, 1, 109, 10905, '0', NULL, NULL, NULL, NULL, NULL, '0000-00-00 00:00:00', '2021-07-19 14:05:49', NULL),
(95172562, '8710043A', '$2y$10$76DGQCi05dRaTGTELPB/.eN5yUKi0Cqwau4UmU3Ww7yXK3gc.ZD7G', 'BAYU.AULIA@PLN.CO.ID', 'BAYU AULIA NUGROHO BAKAS', 2, 12, 12125, 12513, 1, 109, 10904, '0', NULL, NULL, NULL, NULL, NULL, '0000-00-00 00:00:00', '2021-07-19 14:04:00', NULL),
(95172563, '90112432Z', '$2y$10$76DGQCi05dRaTGTELPB/.eN5yUKi0Cqwau4UmU3Ww7yXK3gc.ZD7G', 'HIRAS.OTTO@PLN.CO.ID', 'HIRAS OTTO TEGUH P. SINAMBELA, A.MD', 2, 12, 12125, 12501, 1, 109, 10906, '0', NULL, NULL, NULL, NULL, NULL, '0000-00-00 00:00:00', '2021-07-19 14:06:14', NULL),
(95172564, '92162502ZY', '$2y$10$76DGQCi05dRaTGTELPB/.eN5yUKi0Cqwau4UmU3Ww7yXK3gc.ZD7G', 'FEBRIDANIEL@PLN.CO.ID', 'FEBRI DANIEL SIMBOLON', 2, 12, 12125, 12511, 1, 109, 10902, '0', NULL, NULL, NULL, NULL, NULL, '0000-00-00 00:00:00', '2021-07-19 13:59:14', NULL),
(95172565, '92162605ZY', '$2y$10$76DGQCi05dRaTGTELPB/.eN5yUKi0Cqwau4UmU3Ww7yXK3gc.ZD7G', 'DOOHAN@PLN.CO.ID', 'DOOHAN. H', 2, 12, 12125, 12510, 1, 109, 10901, '0', NULL, NULL, NULL, NULL, NULL, '0000-00-00 00:00:00', '2021-07-19 13:58:44', NULL),
(95172566, '94151082ZY', '$2y$10$76DGQCi05dRaTGTELPB/.eN5yUKi0Cqwau4UmU3Ww7yXK3gc.ZD7G', 'AMALIA.YOHANA@PLN.CO.ID', 'YOHANA AMALIA', 2, 12, 12125, 12516, 1, 109, 10907, '0', NULL, NULL, NULL, NULL, NULL, '0000-00-00 00:00:00', '2021-07-19 14:06:41', NULL),
(95172567, '9618993ZY', '$2y$10$76DGQCi05dRaTGTELPB/.eN5yUKi0Cqwau4UmU3Ww7yXK3gc.ZD7G', 'KRISNA.SADEWA@PLN.CO.ID', 'KRISNA SADEWA', 2, 12, 12125, 12514, 1, 109, 10908, '0', NULL, NULL, NULL, NULL, NULL, '0000-00-00 00:00:00', '2021-07-19 14:07:13', NULL),
(95172568, '8409024A', '$2y$10$76DGQCi05dRaTGTELPB/.eN5yUKi0Cqwau4UmU3Ww7yXK3gc.ZD7G', 'RISKI.GANDA.PUTRA@PLN.CO.ID', 'RISKI GANDA PUTRA', 2, 12, 12125, NULL, 1, 109, NULL, '0', NULL, NULL, NULL, NULL, NULL, '0000-00-00 00:00:00', '2021-07-18 13:10:27', NULL),
(95172569, '8509042A', '$2y$10$76DGQCi05dRaTGTELPB/.eN5yUKi0Cqwau4UmU3Ww7yXK3gc.ZD7G', 'WAHYU.HERLAMBANG2@PLN.CO.ID', 'WAHYU HERLAMBANG', 2, 12, 12125, 12501, 1, 109, 10906, '0', NULL, NULL, NULL, NULL, NULL, '0000-00-00 00:00:00', '2021-07-19 14:06:14', NULL),
(95172570, '8609061A', '$2y$10$76DGQCi05dRaTGTELPB/.eN5yUKi0Cqwau4UmU3Ww7yXK3gc.ZD7G', 'ANDI.ZAHARA@PLN.CO.ID', 'ANDI ZAHARA', 2, 12, 12125, 12510, 1, 109, 10901, '0', NULL, NULL, NULL, NULL, NULL, '0000-00-00 00:00:00', '2021-07-19 13:58:44', NULL),
(95172571, '8914095ZY', '$2y$10$76DGQCi05dRaTGTELPB/.eN5yUKi0Cqwau4UmU3Ww7yXK3gc.ZD7G', 'AMIE.NOVIANDRY@PLN.CO.ID', 'AMIE NOVIANDRY SINAGA', 2, 12, 12125, 12511, 1, 109, 10902, '0', NULL, NULL, NULL, NULL, NULL, '0000-00-00 00:00:00', '2021-07-19 13:59:14', NULL),
(95172572, '8916001ZY', '$2y$10$76DGQCi05dRaTGTELPB/.eN5yUKi0Cqwau4UmU3Ww7yXK3gc.ZD7G', 'NICKY.YANNIKO@PLN.CO.ID', 'NICKY YANNIKO PRATAMA', 2, 12, 12125, 12514, 1, 109, 10908, '0', NULL, NULL, NULL, NULL, NULL, '0000-00-00 00:00:00', '2021-07-19 14:07:13', NULL);
INSERT INTO `users` (`id`, `nip`, `password`, `email`, `name`, `role_id`, `KodeUnit_kantor_induk`, `KodeUnit_unit_level2`, `KodeUnit_unit_level3`, `id_kantor_induk`, `id_unit_level2`, `id_unit_level3`, `verifikasi_user`, `title`, `department`, `phone_number`, `thumbnail_photo`, `remember_token`, `created_at`, `updated_at`, `deleted_at`) VALUES
(95172573, '9016054ZY', '$2y$10$76DGQCi05dRaTGTELPB/.eN5yUKi0Cqwau4UmU3Ww7yXK3gc.ZD7G', 'M.GUGIGUNTARA@PLN.CO.ID', 'MUHAMMAD GUGI GUNTARA', 2, 12, 12125, 12516, 1, 109, 10907, '0', NULL, NULL, NULL, NULL, NULL, '0000-00-00 00:00:00', '2021-07-19 14:06:41', NULL),
(95172574, '9218739ZY', '$2y$10$76DGQCi05dRaTGTELPB/.eN5yUKi0Cqwau4UmU3Ww7yXK3gc.ZD7G', 'YUDA.UTAMA.PUTRA@PLN.CO.ID', 'YUDA UTAMA PUTRA', 2, 12, 12125, 12513, 1, 109, 10904, '0', NULL, NULL, NULL, NULL, NULL, '0000-00-00 00:00:00', '2021-07-19 14:04:00', NULL),
(95172575, '9218784ZY', '$2y$10$76DGQCi05dRaTGTELPB/.eN5yUKi0Cqwau4UmU3Ww7yXK3gc.ZD7G', 'HILDA.NABABAN@PLN.CO.ID', 'HILDA MELIANY NABABAN', 2, 12, 12125, 12515, 1, 109, 10905, '0', NULL, NULL, NULL, NULL, NULL, '0000-00-00 00:00:00', '2021-07-19 14:05:49', NULL),
(95172576, '95172119ZY', '$2y$10$76DGQCi05dRaTGTELPB/.eN5yUKi0Cqwau4UmU3Ww7yXK3gc.ZD7G', 'ILHAMGHAZALI@PLN.CO.ID', 'ILHAM GHAZALI', 2, 12, 12125, 12512, 1, 109, 10903, '0', NULL, NULL, NULL, NULL, NULL, '0000-00-00 00:00:00', '2021-07-19 14:02:23', NULL),
(95172577, '9114535ZY', '$2y$10$76DGQCi05dRaTGTELPB/.eN5yUKi0Cqwau4UmU3Ww7yXK3gc.ZD7G', 'PANJI.GUNAWAN@PLN.CO.ID', 'PANJI GUNAWAN', 2, 12, 12125, 12512, 1, 109, 10903, '0', NULL, NULL, NULL, NULL, NULL, '0000-00-00 00:00:00', '2021-07-19 14:02:23', NULL),
(95172578, '9010095A', '$2y$10$76DGQCi05dRaTGTELPB/.eN5yUKi0Cqwau4UmU3Ww7yXK3gc.ZD7G', 'MAULANA.BIL@PLN.CO.ID', 'MAULANA BIL QISTHI HARAHAP', 2, 12, 12125, 12514, 1, 109, 10908, '0', NULL, NULL, NULL, NULL, NULL, '0000-00-00 00:00:00', '2021-07-19 14:07:13', NULL),
(95172579, '8612261ZY', '$2y$10$76DGQCi05dRaTGTELPB/.eN5yUKi0Cqwau4UmU3Ww7yXK3gc.ZD7G', 'ELIS.PAHALA@PLN.CO.ID', 'ELIS PAHALA NAINGGOLAN', 2, 12, 12125, 12515, 1, 109, 10905, '0', NULL, NULL, NULL, NULL, NULL, '0000-00-00 00:00:00', '2021-07-19 14:05:49', NULL),
(95172580, '8204024A', '$2y$10$76DGQCi05dRaTGTELPB/.eN5yUKi0Cqwau4UmU3Ww7yXK3gc.ZD7G', 'PATAR.SIREGAR@PLN.CO.ID', 'PATAR TM SIREGAR', 2, 12, 12125, 12510, 1, 109, 10901, '0', NULL, NULL, NULL, NULL, NULL, '0000-00-00 00:00:00', '2021-07-19 13:58:44', NULL),
(95172581, '89112380Z', '$2y$10$76DGQCi05dRaTGTELPB/.eN5yUKi0Cqwau4UmU3Ww7yXK3gc.ZD7G', 'JOHANNES.STEVANUS@PLN.CO.ID', 'JOHANNES STEVANUS PARULIAN SIMANJUNTAK', 2, 12, 12125, 12513, 1, 109, 10904, '0', NULL, NULL, NULL, NULL, NULL, '0000-00-00 00:00:00', '2021-07-19 14:04:00', NULL),
(95172582, '8812347ZY', '$2y$10$76DGQCi05dRaTGTELPB/.eN5yUKi0Cqwau4UmU3Ww7yXK3gc.ZD7G', 'Rivana.Hazli@pln.co.id', 'RIVANA HAZLI', 2, 12, 12125, 12501, 1, 109, 10906, '0', NULL, NULL, NULL, NULL, NULL, '0000-00-00 00:00:00', '2021-07-19 14:06:14', NULL),
(95172583, '9114734ZY', '$2y$10$76DGQCi05dRaTGTELPB/.eN5yUKi0Cqwau4UmU3Ww7yXK3gc.ZD7G', 'M.DIMAS.RAHMAN@PLN.CO.ID', 'MUHAMAD DIMAS RAHMAN AFFANDI', 2, 12, 12125, 12516, 1, 109, 10907, '0', NULL, NULL, NULL, NULL, NULL, '0000-00-00 00:00:00', '2021-07-19 14:06:41', NULL),
(95172584, '8204032A', '$2y$10$76DGQCi05dRaTGTELPB/.eN5yUKi0Cqwau4UmU3Ww7yXK3gc.ZD7G', 'ELFIAN@PLN.CO.ID', 'ELFIAN', 2, 12, 12125, 12511, 1, 109, 10902, '0', NULL, NULL, NULL, NULL, NULL, '0000-00-00 00:00:00', '2021-07-19 13:59:14', NULL),
(95172585, '8404066A', '$2y$10$76DGQCi05dRaTGTELPB/.eN5yUKi0Cqwau4UmU3Ww7yXK3gc.ZD7G', 'JUNITA.SIMATUPANG@PLN.CO.ID', 'JUNITA SIMATUPANG', 2, 12, 12123, NULL, 1, 110, NULL, '0', NULL, NULL, NULL, NULL, NULL, '0000-00-00 00:00:00', '2021-07-18 13:10:45', NULL),
(95172586, '8409001A', '$2y$10$76DGQCi05dRaTGTELPB/.eN5yUKi0Cqwau4UmU3Ww7yXK3gc.ZD7G', 'AHMAD.DAIROBI@PLN.CO.ID', 'AHMAD DAIROBI', 2, 12, 12123, NULL, 1, 110, NULL, '0', NULL, NULL, NULL, NULL, NULL, '0000-00-00 00:00:00', '2021-07-18 13:10:45', NULL),
(95172587, '8509090A', '$2y$10$76DGQCi05dRaTGTELPB/.eN5yUKi0Cqwau4UmU3Ww7yXK3gc.ZD7G', 'JEFRI.B@PLN.CO.ID', 'JEFRI B.F. SIHOTANG', 2, 12, 12123, 12314, 1, 110, 11006, '0', NULL, NULL, NULL, NULL, NULL, '0000-00-00 00:00:00', '2021-07-19 14:09:51', NULL),
(95172588, '8810052A', '$2y$10$76DGQCi05dRaTGTELPB/.eN5yUKi0Cqwau4UmU3Ww7yXK3gc.ZD7G', 'KHAIRUL.SALEH2@PLN.CO.ID', 'KHAIRUL SALEH', 2, 12, 12123, 12301, 1, 110, 11001, '0', NULL, NULL, NULL, NULL, NULL, '0000-00-00 00:00:00', '2021-07-19 14:07:53', NULL),
(95172589, '9116151ZY', '$2y$10$76DGQCi05dRaTGTELPB/.eN5yUKi0Cqwau4UmU3Ww7yXK3gc.ZD7G', 'VETTI.JAYANTI@PLN.CO.ID', 'VETTI JAYANTI SITORUS', 2, 12, 12123, 12311, 1, 110, 11003, '0', NULL, NULL, NULL, NULL, NULL, '0000-00-00 00:00:00', '2021-07-19 14:08:48', NULL),
(95172590, '92171326ZY', '$2y$10$76DGQCi05dRaTGTELPB/.eN5yUKi0Cqwau4UmU3Ww7yXK3gc.ZD7G', 'GILANG.WIRIZKHO@PLN.CO.ID', 'GILANG WIRIZKHO ROMADHONA', 2, 12, 12123, 12315, 1, 110, 11007, '0', NULL, NULL, NULL, NULL, NULL, '0000-00-00 00:00:00', '2021-07-19 14:10:15', NULL),
(95172591, '93151327ZY', '$2y$10$76DGQCi05dRaTGTELPB/.eN5yUKi0Cqwau4UmU3Ww7yXK3gc.ZD7G', 'RIKA.JUWITA@PLN.CO.ID', 'RIKA JUWITA MANURUNG', 2, 12, 12123, 12310, 1, 110, 11002, '0', NULL, NULL, NULL, NULL, NULL, '0000-00-00 00:00:00', '2021-07-19 14:08:27', NULL),
(95172592, '93161015ZY', '$2y$10$76DGQCi05dRaTGTELPB/.eN5yUKi0Cqwau4UmU3Ww7yXK3gc.ZD7G', 'FAISAL.KOSMANDALI@PLN.CO.ID', 'FAISAL KOSMANDALI PUTRA', 2, 12, 12123, 12312, 1, 110, 11004, '0', NULL, NULL, NULL, NULL, NULL, '0000-00-00 00:00:00', '2021-07-19 14:09:10', NULL),
(95172593, '9618991ZY', '$2y$10$76DGQCi05dRaTGTELPB/.eN5yUKi0Cqwau4UmU3Ww7yXK3gc.ZD7G', 'RYAN.JALU@PLN.CO.ID', 'RYAN JALU ANDANA', 2, 12, 12123, 12313, 1, 110, 11005, '0', NULL, NULL, NULL, NULL, NULL, '0000-00-00 00:00:00', '2021-07-19 14:09:30', NULL),
(95172594, '93151286ZY', '$2y$10$76DGQCi05dRaTGTELPB/.eN5yUKi0Cqwau4UmU3Ww7yXK3gc.ZD7G', 'YOSUABANUAREA@PLN.CO.ID', 'YOSUA ANUGRAH BANUAREA', 2, 12, 12123, NULL, 1, 110, NULL, '0', NULL, NULL, NULL, NULL, NULL, '0000-00-00 00:00:00', '2021-07-18 13:10:45', NULL),
(95172595, '8404068A', '$2y$10$76DGQCi05dRaTGTELPB/.eN5yUKi0Cqwau4UmU3Ww7yXK3gc.ZD7G', 'SUMARNO.TD@PLN.CO.ID', 'SUMARNO', 2, 12, 12123, 12301, 1, 110, 11001, '0', NULL, NULL, NULL, NULL, NULL, '0000-00-00 00:00:00', '2021-07-19 14:07:53', NULL),
(95172596, '8810050A', '$2y$10$76DGQCi05dRaTGTELPB/.eN5yUKi0Cqwau4UmU3Ww7yXK3gc.ZD7G', 'PERI.PERDIAN@PLN.CO.ID', 'PERI PERDIAN', 2, 12, 12123, 12315, 1, 110, 11007, '0', NULL, NULL, NULL, NULL, NULL, '0000-00-00 00:00:00', '2021-07-19 14:10:15', NULL),
(95172597, '9117279ZY', '$2y$10$76DGQCi05dRaTGTELPB/.eN5yUKi0Cqwau4UmU3Ww7yXK3gc.ZD7G', 'RIYADIAFDOL@PLN.CO.ID', 'RIYADI AFDOL', 2, 12, 12123, 12312, 1, 110, 11004, '0', NULL, NULL, NULL, NULL, NULL, '0000-00-00 00:00:00', '2021-07-19 14:09:10', NULL),
(95172598, '92171327ZY', '$2y$10$76DGQCi05dRaTGTELPB/.eN5yUKi0Cqwau4UmU3Ww7yXK3gc.ZD7G', 'MEGAMUSTIKA@PLN.CO.ID', 'MEGA MUSTIKA', 2, 12, 12123, 12314, 1, 110, 11006, '0', NULL, NULL, NULL, NULL, NULL, '0000-00-00 00:00:00', '2021-07-19 14:09:51', NULL),
(95172599, '94171331ZY', '$2y$10$76DGQCi05dRaTGTELPB/.eN5yUKi0Cqwau4UmU3Ww7yXK3gc.ZD7G', 'YOUVITA@PLN.CO.ID', 'YOUVITA DESTRIANA NAINGGOLAN', 2, 12, 12123, 12311, 1, 110, 11003, '0', NULL, NULL, NULL, NULL, NULL, '0000-00-00 00:00:00', '2021-07-19 14:08:48', NULL),
(95172600, '9517755ZY', '$2y$10$76DGQCi05dRaTGTELPB/.eN5yUKi0Cqwau4UmU3Ww7yXK3gc.ZD7G', 'YOLANDAGINTING@PLN.CO.ID', 'SRI WANTI YOLANDA BR GINTING', 2, 12, 12123, 12313, 1, 110, 11005, '0', NULL, NULL, NULL, NULL, NULL, '0000-00-00 00:00:00', '2021-07-19 14:09:30', NULL),
(95172601, '8408001A', '$2y$10$76DGQCi05dRaTGTELPB/.eN5yUKi0Cqwau4UmU3Ww7yXK3gc.ZD7G', 'HARRY.MARBUN@PLN.CO.ID', 'HARRY POLMATUA PARULIAN MARBUN', 2, 12, 12123, 12311, 1, 110, 11003, '0', NULL, NULL, NULL, NULL, NULL, '0000-00-00 00:00:00', '2021-07-19 14:08:48', NULL),
(95172602, '8409022A', '$2y$10$76DGQCi05dRaTGTELPB/.eN5yUKi0Cqwau4UmU3Ww7yXK3gc.ZD7G', 'DERI.VULKO@PLN.CO.ID', 'DERI VULKO ANANDA', 2, 12, 12123, 12315, 1, 110, 11007, '0', NULL, NULL, NULL, NULL, NULL, '0000-00-00 00:00:00', '2021-07-19 14:10:15', NULL),
(95172603, '7092050A', '$2y$10$76DGQCi05dRaTGTELPB/.eN5yUKi0Cqwau4UmU3Ww7yXK3gc.ZD7G', 'RIXON.GAMUK@PLN.CO.ID', 'RIXON GAMUK PAKPAHAN', 2, 12, 12123, 12313, 1, 110, 11005, '0', NULL, NULL, NULL, NULL, NULL, '0000-00-00 00:00:00', '2021-07-19 14:09:30', NULL),
(95172604, '9014861ZY', '$2y$10$76DGQCi05dRaTGTELPB/.eN5yUKi0Cqwau4UmU3Ww7yXK3gc.ZD7G', 'MOCHAMAD.DEDE@PLN.CO.ID', 'MOCHAMAD DEDE IRAWAN', 2, 12, 12123, 12310, 1, 110, 11002, '0', NULL, NULL, NULL, NULL, NULL, '0000-00-00 00:00:00', '2021-07-19 14:08:27', NULL),
(95172605, '8608045A', '$2y$10$76DGQCi05dRaTGTELPB/.eN5yUKi0Cqwau4UmU3Ww7yXK3gc.ZD7G', 'NURHADY.SEVENDY@PLN.CO.ID', 'NURHADY SEVENDY', 2, 12, 12123, 12301, 1, 110, 11001, '0', NULL, NULL, NULL, NULL, NULL, '0000-00-00 00:00:00', '2021-07-19 14:07:53', NULL),
(95172606, '9012491ZY', '$2y$10$76DGQCi05dRaTGTELPB/.eN5yUKi0Cqwau4UmU3Ww7yXK3gc.ZD7G', 'DOVIN.ALFRINTO@PLN.CO.ID', 'DOVIN ALFRINTO SIMBOLON,A.MD', 2, 12, 12123, 12312, 1, 110, 11004, '0', NULL, NULL, NULL, NULL, NULL, '0000-00-00 00:00:00', '2021-07-19 14:09:10', NULL),
(95172607, '91112459Z', '$2y$10$76DGQCi05dRaTGTELPB/.eN5yUKi0Cqwau4UmU3Ww7yXK3gc.ZD7G', 'RICKY.JOHANNES@PLN.CO.ID', 'RICKY JOHANNES SARAGIH, A.MD', 2, 12, 12123, 12314, 1, 110, 11006, '0', NULL, NULL, NULL, NULL, NULL, '0000-00-00 00:00:00', '2021-07-19 14:09:51', NULL),
(95172637, 'admin', '$2y$10$XnwmXYRrHz8XB48.22U9Seql5akDN4nyo5CtDZ7b/n0QV3o1mGBY6', 'admin@admin.com', 'Admin', 1, 12, NULL, NULL, NULL, NULL, NULL, '1', NULL, NULL, NULL, NULL, NULL, '2021-07-17 13:56:58', '2021-07-18 13:03:45', NULL),
(95172638, '34343', '$2y$10$gzTvkJI1yNByMtlroqsH7e0G8zzA/rPvf/vTATfJf25msIUYbs3T.', 'andito763@gmail.com', 'Andito', 2, 12, 12120, 12001, 1, 103, 10301, '1', NULL, NULL, NULL, NULL, NULL, '2021-07-17 14:40:22', '2021-08-17 15:08:32', NULL),
(95172639, '232424', '$2y$10$I8HrLsbxHJd/hIus8CnoFeUybUCZyzRDMmilo7khcSQww71sjJrGi', 'fatur@gmail.com', 'Fatur', 2, 12, 12124, NULL, 1, 111, NULL, '0', NULL, NULL, NULL, NULL, NULL, '2021-07-21 02:51:55', '2021-08-11 18:00:32', NULL);

--
-- Indexes for dumped tables
--

--
-- Indexes for table `apar`
--
ALTER TABLE `apar`
  ADD PRIMARY KEY (`id`);

--
-- Indexes for table `eviden`
--
ALTER TABLE `eviden`
  ADD PRIMARY KEY (`id`);

--
-- Indexes for table `jadwal`
--
ALTER TABLE `jadwal`
  ADD PRIMARY KEY (`id`);

--
-- Indexes for table `kantor_induk`
--
ALTER TABLE `kantor_induk`
  ADD PRIMARY KEY (`id`);

--
-- Indexes for table `master_gedung`
--
ALTER TABLE `master_gedung`
  ADD PRIMARY KEY (`id`);

--
-- Indexes for table `master_lantai`
--
ALTER TABLE `master_lantai`
  ADD PRIMARY KEY (`id`);

--
-- Indexes for table `migrations`
--
ALTER TABLE `migrations`
  ADD PRIMARY KEY (`id`);

--
-- Indexes for table `role`
--
ALTER TABLE `role`
  ADD PRIMARY KEY (`id`);

--
-- Indexes for table `unit_level2`
--
ALTER TABLE `unit_level2`
  ADD PRIMARY KEY (`id`);

--
-- Indexes for table `unit_level3`
--
ALTER TABLE `unit_level3`
  ADD PRIMARY KEY (`id`);

--
-- Indexes for table `users`
--
ALTER TABLE `users`
  ADD PRIMARY KEY (`id`);

--
-- AUTO_INCREMENT for dumped tables
--

--
-- AUTO_INCREMENT for table `apar`
--
ALTER TABLE `apar`
  MODIFY `id` int(11) NOT NULL AUTO_INCREMENT, AUTO_INCREMENT=8;

--
-- AUTO_INCREMENT for table `eviden`
--
ALTER TABLE `eviden`
  MODIFY `id` int(11) NOT NULL AUTO_INCREMENT, AUTO_INCREMENT=20;

--
-- AUTO_INCREMENT for table `jadwal`
--
ALTER TABLE `jadwal`
  MODIFY `id` int(11) NOT NULL AUTO_INCREMENT, AUTO_INCREMENT=10;

--
-- AUTO_INCREMENT for table `kantor_induk`
--
ALTER TABLE `kantor_induk`
  MODIFY `id` bigint(20) NOT NULL AUTO_INCREMENT, AUTO_INCREMENT=4;

--
-- AUTO_INCREMENT for table `master_gedung`
--
ALTER TABLE `master_gedung`
  MODIFY `id` int(11) NOT NULL AUTO_INCREMENT, AUTO_INCREMENT=10;

--
-- AUTO_INCREMENT for table `master_lantai`
--
ALTER TABLE `master_lantai`
  MODIFY `id` int(11) NOT NULL AUTO_INCREMENT, AUTO_INCREMENT=17;

--
-- AUTO_INCREMENT for table `migrations`
--
ALTER TABLE `migrations`
  MODIFY `id` int(10) UNSIGNED NOT NULL AUTO_INCREMENT, AUTO_INCREMENT=6;

--
-- AUTO_INCREMENT for table `role`
--
ALTER TABLE `role`
  MODIFY `id` bigint(20) NOT NULL AUTO_INCREMENT, AUTO_INCREMENT=4;

--
-- AUTO_INCREMENT for table `unit_level3`
--
ALTER TABLE `unit_level3`
  MODIFY `id` bigint(20) NOT NULL AUTO_INCREMENT, AUTO_INCREMENT=11207;

--
-- AUTO_INCREMENT for table `users`
--
ALTER TABLE `users`
  MODIFY `id` bigint(20) UNSIGNED NOT NULL AUTO_INCREMENT, AUTO_INCREMENT=95172644;
COMMIT;

/*!40101 SET CHARACTER_SET_CLIENT=@OLD_CHARACTER_SET_CLIENT */;
/*!40101 SET CHARACTER_SET_RESULTS=@OLD_CHARACTER_SET_RESULTS */;
/*!40101 SET COLLATION_CONNECTION=@OLD_COLLATION_CONNECTION */;
